timestamp,phase,ls_product_id,item,action,notes
2026-05-12T19:58:47.010715Z,1-rename,b5d99d6d-ce13-4076-a1f8-6c2a58ffe895,Cowboy Cut® Original Fit - Navy - 0013M / 27x31,RENAMED,old=Cowboy Cut® Original Fit - Navy - 0013M
2026-05-12T19:58:47.010715Z,1-rename,0a988aee-1e2f-4049-8bc3-f995df8da2f3,Cowboy Cut Original Fit - 13MWZ - NAVY / 27x32,SKIP_ALREADY_CORRECT,
2026-05-12T19:58:47.010715Z,1-rename,c7fcd682-6b61-4eb4-ad80-e0fc03910b08,Cowboy Cut Original Fit - 13MWZ - NAVY / 27x33,SKIP_ALREADY_CORRECT,
2026-05-12T19:58:47.010715Z,1-rename,a99799f2-863c-4631-bb66-8d318500de2a,Cowboy Cut Original Fit - 13MWZ - NAVY / 27x34,SKIP_ALREADY_CORRECT,
2026-05-12T19:58:47.010715Z,1-rename,17ccfb91-8cd1-4ad8-be94-db45d69e5c38,Cowboy Cut Original Fit - 13MWZ - NAVY / 27x36,SKIP_ALREADY_CORRECT,
2026-05-12T19:58:47.010715Z,1-rename,713c3319-da90-413e-a15f-db52674c14c4,Cowboy Cut Original Fit - 13MWZ - NAVY / 27x38,SKIP_ALREADY_CORRECT,
2026-05-12T19:58:47.010715Z,1-rename,5447230b-aa12-4962-884b-7c5ca76cf212,Cowboy Cut Original Fit - 13MWZ - NAVY / 28x32,SKIP_ALREADY_CORRECT,
2026-05-12T19:58:47.010715Z,1-rename,20e6bc98-f5d7-4f42-b9c1-912092216df2,Cowboy Cut Original Fit - 13MWZ - NAVY / 28x34,SKIP_ALREADY_CORRECT,
2026-05-12T19:58:47.010715Z,1-rename,7a47a9ae-2beb-4d0e-b4cf-97fdafa745cf,Cowboy Cut Original Fit - 13MWZ - NAVY / 28x36,SKIP_ALREADY_CORRECT,
2026-05-12T19:58:47.010715Z,1-rename,7c0743e2-9047-4673-8a27-b514e1081cda,Cowboy Cut Original Fit - 13MWZ - NAVY / 29x34,SKIP_ALREADY_CORRECT,
2026-05-12T19:58:47.010715Z,1-rename,fd6e4b38-ef93-4e94-9a59-4a27cf719e88,Cowboy Cut Original Fit - 13MWZ - NAVY / 29x40,SKIP_ALREADY_CORRECT,
2026-05-12T19:58:47.010715Z,1-rename,f8645534-8b13-4559-8830-d3e06b98f116,Cowboy Cut Original Fit - 13MWZ - NAVY / 29x36,SKIP_ALREADY_CORRECT,
2026-05-12T19:58:47.010715Z,1-rename,8b3b0acf-e79b-42da-b862-43848ea2faaa,Cowboy Cut Original Fit - 13MWZ - NAVY / 29x38,SKIP_ALREADY_CORRECT,
2026-05-12T19:58:47.010715Z,1-rename,751b9f91-b9c2-4ae4-a639-c621f6bd02bb,Cowboy Cut Original Fit - 13MWZ - NAVY / 30x29,SKIP_ALREADY_CORRECT,
2026-05-12T19:58:47.010715Z,1-rename,f57fabc3-6727-47f6-9969-7ed3c8174494,Cowboy Cut Original Fit - 13MWZ - NAVY / 28x30,SKIP_ALREADY_CORRECT,
2026-05-12T19:58:47.010715Z,1-rename,748f8be4-b9f1-4aef-abc0-d0e5edfe54c6,Cowboy Cut Original Fit - 13MWZ - NAVY / 28x33,SKIP_ALREADY_CORRECT,
2026-05-12T19:58:47.010715Z,1-rename,e4f6c7d0-2531-4ef6-9c57-23bd0b64f0a6,Cowboy Cut Original Fit - 13MWZ - NAVY / 29x30,SKIP_ALREADY_CORRECT,
2026-05-12T19:58:47.010715Z,1-rename,19b52afa-800a-4950-bfb1-0886b82015b9,Cowboy Cut Original Fit - 13MWZ - NAVY / 29x31,SKIP_ALREADY_CORRECT,
2026-05-12T19:58:47.010715Z,1-rename,e1f88fb0-c071-43b7-a0a6-bc030711d7ae,Cowboy Cut Original Fit - 13MWZ - NAVY / 29x32,SKIP_ALREADY_CORRECT,
2026-05-12T19:58:47.010715Z,1-rename,fcbaf32a-6307-48f0-ae97-3e27fa337bc3,Cowboy Cut Original Fit - 13MWZ - NAVY / 28x31,SKIP_ALREADY_CORRECT,
2026-05-12T19:58:47.010715Z,1-rename,b188e8c3-0fc8-46e5-9ca7-f2166b4b99d3,Cowboy Cut Original Fit - 13MWZ - NAVY / 28x38,SKIP_ALREADY_CORRECT,
2026-05-12T19:58:47.010715Z,1-rename,7369587d-f100-4308-aa17-fe68136fb9e2,Cowboy Cut Original Fit - 13MWZ - NAVY / 29x33,SKIP_ALREADY_CORRECT,
2026-05-12T19:58:47.010715Z,1-rename,4aca874e-e34b-4162-94f1-f4b60929be56,Cowboy Cut Original Fit - 13MWZ - NAVY / 30x30,SKIP_ALREADY_CORRECT,
2026-05-12T19:58:47.010715Z,1-rename,029b0e53-40e2-4174-b9b6-be1dc315b6b6,Cowboy Cut Original Fit - 13MWZ - NAVY / 30x31,SKIP_ALREADY_CORRECT,
2026-05-12T19:58:47.010715Z,1-rename,fc2619b6-0bd6-4850-ab66-7b22a8564fbf,Cowboy Cut Original Fit - 13MWZ - NAVY / 30x32,SKIP_ALREADY_CORRECT,
2026-05-12T19:58:47.010715Z,1-rename,2cf02538-747f-4b59-912a-99e1a6fb6fa4,Cowboy Cut Original Fit - 13MWZ - NAVY / 30x33,SKIP_ALREADY_CORRECT,
2026-05-12T19:58:47.010715Z,1-rename,975a5ded-df2b-42f2-b024-aeba8f08af36,Cowboy Cut Original Fit - 13MWZ - NAVY / 30x34,SKIP_ALREADY_CORRECT,
2026-05-12T19:58:47.010715Z,1-rename,4275ccee-9b87-4a8e-bb10-4b64fc771db3,Cowboy Cut Original Fit - 13MWZ - NAVY / 30x36,SKIP_ALREADY_CORRECT,
2026-05-12T19:58:47.010715Z,1-rename,baf5b884-6295-4da4-91f1-3a036c3c64fe,Cowboy Cut Original Fit - 13MWZ - NAVY / 30x38,SKIP_ALREADY_CORRECT,
2026-05-12T19:58:47.010715Z,1-rename,5b43f4ef-a2e8-4ed8-92b9-46332f0c0451,Cowboy Cut Original Fit - 13MWZ - NAVY / 30x40,SKIP_ALREADY_CORRECT,
2026-05-12T19:58:47.010715Z,1-rename,059bd79b-2b6f-4401-b157-e27c64533478,Cowboy Cut Original Fit - 13MWZ - NAVY / 31x29,SKIP_ALREADY_CORRECT,
2026-05-12T19:58:47.010715Z,1-rename,4f0a1c98-9ae3-484f-b274-71632d3f7b19,Cowboy Cut Original Fit - 13MWZ - NAVY / 31x30,SKIP_ALREADY_CORRECT,
2026-05-12T19:58:47.010715Z,1-rename,849b83eb-ff4c-475f-ba42-a81e957d7ab4,Cowboy Cut Original Fit - 13MWZ - NAVY / 31x31,SKIP_ALREADY_CORRECT,
2026-05-12T19:58:47.010715Z,1-rename,0248700f-ae11-498f-b9dd-6bd998c447cd,Cowboy Cut Original Fit - 13MWZ - NAVY / 31x32,SKIP_ALREADY_CORRECT,
2026-05-12T19:58:47.010715Z,1-rename,3efb69fa-eb97-47e0-baf7-490cb7e42eaa,Cowboy Cut Original Fit - 13MWZ - NAVY / 31x33,SKIP_ALREADY_CORRECT,
2026-05-12T19:58:47.010715Z,1-rename,ef54338f-4c0e-437d-9ba4-9fe7ea8eced8,Cowboy Cut Original Fit - 13MWZ - NAVY / 31x34,SKIP_ALREADY_CORRECT,
2026-05-12T19:58:47.010715Z,1-rename,e7645b38-c60e-4b42-a6f8-ee35132deb6a,Cowboy Cut Original Fit - 13MWZ - NAVY / 31x36,SKIP_ALREADY_CORRECT,
2026-05-12T19:58:47.010715Z,1-rename,7665a33a-ec6c-4339-bdc9-1aaa00d88142,Cowboy Cut Original Fit - 13MWZ - NAVY / 31x38,SKIP_ALREADY_CORRECT,
2026-05-12T19:58:47.010715Z,1-rename,8224ddf6-1af8-4499-a7ce-66f3270db6d0,Cowboy Cut Original Fit - 13MWZ - NAVY / 31x40,SKIP_ALREADY_CORRECT,
2026-05-12T19:58:47.010715Z,1-rename,bd5183bd-dd0a-4072-af22-b606d6f619a4,Cowboy Cut Original Fit - 13MWZ - NAVY / 32x29,SKIP_ALREADY_CORRECT,
2026-05-12T19:58:47.010715Z,1-rename,b0cfd30f-cd48-4ed7-afdf-7fee986ffc52,Cowboy Cut Original Fit - 13MWZ - NAVY / 32x30,SKIP_ALREADY_CORRECT,
2026-05-12T19:58:47.010715Z,1-rename,94fd9fb6-82bf-4b97-ab1a-a7a08933eb05,Cowboy Cut Original Fit - 13MWZ - NAVY / 32x31,SKIP_ALREADY_CORRECT,
2026-05-12T19:58:47.010715Z,1-rename,476620d7-2215-4b9e-a336-00fcf7814c49,Cowboy Cut Original Fit - 13MWZ - NAVY / 32x32,SKIP_ALREADY_CORRECT,
2026-05-12T19:58:47.010715Z,1-rename,d3d8743f-cd28-425c-866a-4f5663d04ca0,Cowboy Cut Original Fit - 13MWZ - NAVY / 32x33,SKIP_ALREADY_CORRECT,
2026-05-12T19:58:47.010715Z,1-rename,4a62fe9a-e70e-4992-ac44-b467fd28b1c7,Cowboy Cut Original Fit - 13MWZ - NAVY / 32x34,SKIP_ALREADY_CORRECT,
2026-05-12T19:58:47.010715Z,1-rename,56f616f7-bd25-4052-a502-2b34589efbe3,Cowboy Cut Original Fit - 13MWZ - NAVY / 32x36,SKIP_ALREADY_CORRECT,
2026-05-12T19:58:47.010715Z,1-rename,c2ebcdbb-137c-4a64-94ee-e50f9ddd4070,Cowboy Cut Original Fit - 13MWZ - NAVY / 32x38,SKIP_ALREADY_CORRECT,
2026-05-12T19:58:47.010715Z,1-rename,285e315f-9470-4af8-a21f-a5a77c1c8311,Cowboy Cut Original Fit - 13MWZ - NAVY / 32x40,SKIP_ALREADY_CORRECT,
2026-05-12T19:58:47.010715Z,1-rename,6393ecb1-5aac-41ea-89a3-1b2e9c7f87fd,Cowboy Cut Original Fit - 13MWZ - NAVY / 33x29,SKIP_ALREADY_CORRECT,
2026-05-12T19:58:47.010715Z,1-rename,63cbe0ac-5d90-402b-8249-6d590a9b2ccf,Cowboy Cut Original Fit - 13MWZ - NAVY / 33x30,SKIP_ALREADY_CORRECT,
2026-05-12T19:58:47.010715Z,1-rename,6d9c3bab-d307-4d4c-8cc6-d505a5255160,Cowboy Cut Original Fit - 13MWZ - NAVY / 33x31,SKIP_ALREADY_CORRECT,
2026-05-12T19:58:47.010715Z,1-rename,7b5a2125-240d-45a5-97ce-f792ad0c06a3,Cowboy Cut Original Fit - 13MWZ - NAVY / 33x32,SKIP_ALREADY_CORRECT,
2026-05-12T19:58:47.010715Z,1-rename,3a8cfc7b-d3ca-4606-a8c9-852669baf987,Cowboy Cut Original Fit - 13MWZ - NAVY / 33x33,SKIP_ALREADY_CORRECT,
2026-05-12T19:58:47.010715Z,1-rename,53fc80c7-cfad-439e-b003-4624d8257db8,Cowboy Cut Original Fit - 13MWZ - NAVY / 33x34,SKIP_ALREADY_CORRECT,
2026-05-12T19:58:47.010715Z,1-rename,5b3d951e-2e0f-451a-a17c-70ae69982f81,Cowboy Cut Original Fit - 13MWZ - NAVY / 33x36,SKIP_ALREADY_CORRECT,
2026-05-12T19:58:47.010715Z,1-rename,330a566c-33a1-458b-bc0f-699975b75b53,Cowboy Cut Original Fit - 13MWZ - NAVY / 33x38,SKIP_ALREADY_CORRECT,
2026-05-12T19:58:47.010715Z,1-rename,a8d1d570-0428-4769-824a-47ad9d27c3b9,Cowboy Cut Original Fit - 13MWZ - NAVY / 33x40,SKIP_ALREADY_CORRECT,
2026-05-12T19:58:47.010715Z,1-rename,39992537-f75c-4191-9710-8e6f8fb3c683,Cowboy Cut Original Fit - 13MWZ - NAVY / 34x29,SKIP_ALREADY_CORRECT,
2026-05-12T19:58:47.010715Z,1-rename,d25959c7-6a99-4902-9ea8-548b18a473e8,Cowboy Cut Original Fit - 13MWZ - NAVY / 34x30,SKIP_ALREADY_CORRECT,
2026-05-12T19:58:47.010715Z,1-rename,324008bf-8d7d-41eb-bf6c-c01329159030,Cowboy Cut Original Fit - 13MWZ - NAVY / 34x31,SKIP_ALREADY_CORRECT,
2026-05-12T19:58:47.010715Z,1-rename,d1e570fa-7883-4e0b-8c7f-7c905bbfbd8c,Cowboy Cut Original Fit - 13MWZ - NAVY / 34x32,SKIP_ALREADY_CORRECT,
2026-05-12T19:58:47.010715Z,1-rename,c18634c3-d872-48ea-a58e-f8db8d2910cf,Cowboy Cut Original Fit - 13MWZ - NAVY / 34x33,SKIP_ALREADY_CORRECT,
2026-05-12T19:58:47.010715Z,1-rename,3497fb91-b430-4a3a-8e6b-af2c35501777,Cowboy Cut Original Fit - 13MWZ - NAVY / 34x34,SKIP_ALREADY_CORRECT,
2026-05-12T19:58:47.010715Z,1-rename,a2e2762f-abd9-4cdd-bbb4-dc517f83a21e,Cowboy Cut Original Fit - 13MWZ - NAVY / 34x36,SKIP_ALREADY_CORRECT,
2026-05-12T19:58:47.010715Z,1-rename,d74aa579-36f3-493a-a49a-a273a13646f6,Cowboy Cut Original Fit - 13MWZ - NAVY / 34x38,SKIP_ALREADY_CORRECT,
2026-05-12T19:58:47.010715Z,1-rename,22a01fc4-a604-4c02-aa52-7171e0bca64d,Cowboy Cut Original Fit - 13MWZ - NAVY / 34x40,SKIP_ALREADY_CORRECT,
2026-05-12T19:58:47.010715Z,1-rename,56ebf3d2-63a3-4c76-92ee-364c7ecf7e6a,Cowboy Cut Original Fit - 13MWZ - NAVY / 35x30,SKIP_ALREADY_CORRECT,
2026-05-12T19:58:47.010715Z,1-rename,d271e37f-9dca-4f36-95e9-161809448949,Cowboy Cut Original Fit - 13MWZ - NAVY / 35x32,SKIP_ALREADY_CORRECT,
2026-05-12T19:58:47.010715Z,1-rename,673fcbec-df38-4cec-b83f-101a05b7ddcd,Cowboy Cut Original Fit - 13MWZ - NAVY / 35x34,SKIP_ALREADY_CORRECT,
2026-05-12T19:58:47.010715Z,1-rename,9ab1125e-783b-4c5f-a62a-9d6fb11f8437,Cowboy Cut Original Fit - 13MWZ - NAVY / 35x36,SKIP_ALREADY_CORRECT,
2026-05-12T19:58:47.010715Z,1-rename,9b3151c1-c20a-4f1b-ab72-0faeee9cd09d,Cowboy Cut Original Fit - 13MWZ - NAVY / 35x38,SKIP_ALREADY_CORRECT,
2026-05-12T19:58:47.010715Z,1-rename,27712aa5-0c6c-4bd2-9622-1dd2b16281dd,Cowboy Cut Original Fit - 13MWZ - NAVY / 36x29,SKIP_ALREADY_CORRECT,
2026-05-12T19:58:47.010715Z,1-rename,24537134-2ed6-407f-8618-68bbb90612f1,Cowboy Cut Original Fit - 13MWZ - NAVY / 36x30,SKIP_ALREADY_CORRECT,
2026-05-12T19:58:47.010715Z,1-rename,cc31f625-7b87-4ac7-aff3-15fe0e8b71e6,Cowboy Cut Original Fit - 13MWZ - NAVY / 36x31,SKIP_ALREADY_CORRECT,
2026-05-12T19:58:47.010715Z,1-rename,e91537e9-2d13-494b-a5b1-ecde57a6ece3,Cowboy Cut Original Fit - 13MWZ - NAVY / 36x32,SKIP_ALREADY_CORRECT,
2026-05-12T19:58:47.010715Z,1-rename,8632c858-abb9-46ac-b68f-3281ef974173,Cowboy Cut Original Fit - 13MWZ - NAVY / 36x33,SKIP_ALREADY_CORRECT,
2026-05-12T19:58:47.010715Z,1-rename,db1891a1-5f8a-4018-ba39-b1823c7b97df,Cowboy Cut Original Fit - 13MWZ - NAVY / 36x34,SKIP_ALREADY_CORRECT,
2026-05-12T19:58:47.010715Z,1-rename,29a2d334-15e9-476b-b4cd-fea467adbe09,Cowboy Cut Original Fit - 13MWZ - NAVY / 36x36,SKIP_ALREADY_CORRECT,
2026-05-12T19:58:47.010715Z,1-rename,10a91b93-cb0a-487d-b3fe-5a213af52b0c,Cowboy Cut Original Fit - 13MWZ - NAVY / 36x38,SKIP_ALREADY_CORRECT,
2026-05-12T19:58:47.010715Z,1-rename,535a94c0-5c30-4408-b24f-0cdb81b428d6,Cowboy Cut Original Fit - 13MWZ - NAVY / 36x40,SKIP_ALREADY_CORRECT,
2026-05-12T19:58:47.010715Z,1-rename,6159946e-4e9e-4dc0-9879-037981c143b1,Cowboy Cut Original Fit - 13MWZ - NAVY / 37x32,SKIP_ALREADY_CORRECT,
2026-05-12T19:58:47.010715Z,1-rename,79f0639b-b938-4ff9-9217-0656e5831bd8,Cowboy Cut Original Fit - 13MWZ - NAVY / 37x34,SKIP_ALREADY_CORRECT,
2026-05-12T19:58:47.010715Z,1-rename,c31eb9d5-1d2c-4a0a-bef1-93b79021e570,Cowboy Cut Original Fit - 13MWZ - NAVY / 37x36,SKIP_ALREADY_CORRECT,
2026-05-12T19:58:47.010715Z,1-rename,acfe6ab0-d782-432c-837b-1c1ebf98f28c,Cowboy Cut Original Fit - 13MWZ - NAVY / 38x29,SKIP_ALREADY_CORRECT,
2026-05-12T19:58:47.010715Z,1-rename,55bb053e-2395-43b0-9bdd-ad8c28b02ae1,Cowboy Cut Original Fit - 13MWZ - NAVY / 38x30,SKIP_ALREADY_CORRECT,
2026-05-12T19:58:47.010715Z,1-rename,c45949e6-e4d1-43ad-a8e6-6daee5a49505,Cowboy Cut Original Fit - 13MWZ - NAVY / 38x31,SKIP_ALREADY_CORRECT,
2026-05-12T19:58:47.010715Z,1-rename,8cb6c735-e560-474b-ae34-b81db5bc809f,Cowboy Cut Original Fit - 13MWZ - NAVY / 38x32,SKIP_ALREADY_CORRECT,
2026-05-12T19:58:47.010715Z,1-rename,7d1eb73f-b289-4b8a-aa74-e4a0d0f07b45,Cowboy Cut Original Fit - 13MWZ - NAVY / 38x33,SKIP_ALREADY_CORRECT,
2026-05-12T19:58:47.010715Z,1-rename,1ba9030f-7cfd-4485-abc2-c780a1e2b9e2,Cowboy Cut Original Fit - 13MWZ - NAVY / 38x34,SKIP_ALREADY_CORRECT,
2026-05-12T19:58:47.010715Z,1-rename,663afd66-d852-4f92-a65f-d61c1deea673,Cowboy Cut Original Fit - 13MWZ - NAVY / 38x36,SKIP_ALREADY_CORRECT,
2026-05-12T19:58:47.010715Z,1-rename,135959f1-046b-47ce-9c32-2db1f208792c,Cowboy Cut Original Fit - 13MWZ - NAVY / 38x38,SKIP_ALREADY_CORRECT,
2026-05-12T19:58:47.010715Z,1-rename,9252c9b0-7fb4-48cf-b61d-cfa2dd4097ec,Cowboy Cut Original Fit - 13MWZ - NAVY / 40x30,SKIP_ALREADY_CORRECT,
2026-05-12T19:58:47.010715Z,1-rename,74d3da33-ff7a-499d-94df-3cdb2b7d37da,Cowboy Cut Original Fit - 13MWZ - NAVY / 40x32,SKIP_ALREADY_CORRECT,
2026-05-12T19:58:47.010715Z,1-rename,0ae42ea3-d65b-4939-ba73-5c2e96f809ac,Cowboy Cut Original Fit - 13MWZ - NAVY / 40x34,SKIP_ALREADY_CORRECT,
2026-05-12T19:58:47.010715Z,1-rename,d5e4b60a-afa0-42c7-9ce9-fbdb38a34c89,Cowboy Cut Original Fit - 13MWZ - NAVY / 40x36,SKIP_ALREADY_CORRECT,
2026-05-12T19:58:47.010715Z,1-rename,bf782f98-7845-4892-a853-d0cf57af2e2e,Cowboy Cut Original Fit - 13MWZ - NAVY / 40x38,SKIP_ALREADY_CORRECT,
2026-05-12T19:58:47.010715Z,1-rename,07dc81f6-bbef-4558-a1a4-419560c21945,Cowboy Cut Original Fit - 13MWZ - NAVY / 42x30,SKIP_ALREADY_CORRECT,
2026-05-12T19:58:47.010715Z,1-rename,a8071d7c-23fd-452a-be6d-5ab8da06c2cb,Cowboy Cut Original Fit - 13MWZ - NAVY / 42x32,SKIP_ALREADY_CORRECT,
2026-05-12T19:58:47.010715Z,1-rename,fa438b0e-34f3-47fc-bb59-1a398b920659,Cowboy Cut Original Fit - 13MWZ - NAVY / 42x34,SKIP_ALREADY_CORRECT,
2026-05-12T19:58:47.010715Z,1-rename,83712ffa-f53c-4732-a23c-2f6bba5022c7,Cowboy Cut Original Fit - 13MWZ - NAVY / 42x36,SKIP_ALREADY_CORRECT,
2026-05-12T19:58:47.010715Z,1-rename,22ed922c-08d3-4df3-9a60-e3d3e854c20e,Cowboy Cut Original Fit - 13MWZ - NAVY / 44x32,SKIP_ALREADY_CORRECT,
2026-05-12T19:58:47.010715Z,1-rename,c66add6e-9a02-4967-8e7c-b0fe8b010e4a,Cowboy Cut Original Fit - 13MWZ - NAVY / 44x34,SKIP_ALREADY_CORRECT,
2026-05-12T19:58:47.010715Z,1-rename,60866daa-8af2-4c06-89d7-6b4a2efe8d92,Cowboy Cut Original Fit - 13MWZ - NAVY / 46x32,SKIP_ALREADY_CORRECT,
2026-05-12T19:58:47.010715Z,1-rename,c25e7d4b-1005-4849-a58f-e366df3461ac,Cowboy Cut Original Fit - 13MWZ - NAVY / 46x34,SKIP_ALREADY_CORRECT,
2026-05-12T19:58:47.010715Z,1-rename,3327eb57-baaa-441d-9e27-f2e7695ee3a4,Cowboy Cut Original Fit - 13MWZ - NAVY / 27x30,SKIP_ALREADY_CORRECT,
2026-05-12T19:58:47.010715Z,1-rename,ccb355bd-44ab-4a78-8678-33360c1e9e08,Cowboy Cut Original Fit - 13MWZ - NAVY / 46x40,SKIP_ALREADY_CORRECT,
2026-05-12T19:58:47.010715Z,2-delete,fd6e4b38-ef93-4e94-9a59-4a27cf719e88,Cowboy Cut® Original Fit - Navy - 0013M / 29x40,DELETED,Duplicate of PREWASHED_INDIGO per-color family
2026-05-12T19:58:47.010715Z,2-delete,285e315f-9470-4af8-a21f-a5a77c1c8311,Cowboy Cut® Original Fit - Navy - 0013M / 32x40,DELETED,Duplicate of PREWASHED_INDIGO per-color family
2026-05-12T19:58:47.010715Z,2-delete,53fc80c7-cfad-439e-b003-4624d8257db8,Cowboy Cut® Original Fit - Navy - 0013M / 33x34,DELETED,Duplicate of PREWASHED_INDIGO per-color family
2026-05-12T19:58:47.010715Z,2-delete,324008bf-8d7d-41eb-bf6c-c01329159030,Cowboy Cut® Original Fit - Navy - 0013M / 34x31,DELETED,Duplicate of PREWASHED_INDIGO per-color family
2026-05-12T19:58:47.010715Z,2-delete,d271e37f-9dca-4f36-95e9-161809448949,Cowboy Cut® Original Fit - Navy - 0013M / 35x32,DELETED,Duplicate of PREWASHED_INDIGO per-color family
2026-05-12T19:58:47.010715Z,2-delete,673fcbec-df38-4cec-b83f-101a05b7ddcd,Cowboy Cut® Original Fit - Navy - 0013M / 35x34,DELETED,Duplicate of PREWASHED_INDIGO per-color family
2026-05-12T19:58:47.010715Z,2-delete,e91537e9-2d13-494b-a5b1-ecde57a6ece3,Cowboy Cut® Original Fit - Navy - 0013M / 36x32,DELETED,Duplicate of PREWASHED_INDIGO per-color family
2026-05-12T19:58:47.010715Z,2-delete,db1891a1-5f8a-4018-ba39-b1823c7b97df,Cowboy Cut® Original Fit - Navy - 0013M / 36x34,DELETED,Duplicate of PREWASHED_INDIGO per-color family
2026-05-12T19:58:47.010715Z,2-delete,29a2d334-15e9-476b-b4cd-fea467adbe09,Cowboy Cut® Original Fit - Navy - 0013M / 36x36,DELETED,Duplicate of PREWASHED_INDIGO per-color family
2026-05-12T19:58:47.010715Z,2-delete,79f0639b-b938-4ff9-9217-0656e5831bd8,Cowboy Cut® Original Fit - Navy - 0013M / 37x34,DELETED,Duplicate of PREWASHED_INDIGO per-color family
2026-05-12T19:58:47.010715Z,2-delete,55bb053e-2395-43b0-9bdd-ad8c28b02ae1,Cowboy Cut® Original Fit - Navy - 0013M / 38x30,DELETED,Duplicate of PREWASHED_INDIGO per-color family
2026-05-12T19:58:47.010715Z,2-delete,1ba9030f-7cfd-4485-abc2-c780a1e2b9e2,Cowboy Cut® Original Fit - Navy - 0013M / 38x34,DELETED,Duplicate of PREWASHED_INDIGO per-color family
2026-05-12T19:58:47.010715Z,2-delete,bf782f98-7845-4892-a853-d0cf57af2e2e,Cowboy Cut® Original Fit - Navy - 0013M / 40x38,DELETED,Duplicate of PREWASHED_INDIGO per-color family
2026-05-12T19:58:47.010715Z,2-delete,c25e7d4b-1005-4849-a58f-e366df3461ac,Cowboy Cut® Original Fit - Navy - 0013M / 46x34,DELETED,Duplicate of PREWASHED_INDIGO per-color family
