bracket_id,bracket_name,bracket_upc,bracket_sku,bracket_custom1,bracket_color,bracket_size,clean_id,clean_name,clean_upc,clean_sku,clean_custom1,clean_color,clean_size,match_confidence,action
c347654a-c62c-47f1-83f5-f900ffeae5d6,WL Girls LS Print Snap Shirt (G-WMA-LGN2S08038-COR-XS),,G-WMA-LGN2S08038-COR-XS,G-WMA-LGN2S08038-COR-XS,Coral,XS,ee0c2df9-f555-4de1-b349-262666e8c06e,WL Girls LS print snap shirt,1978158287280,LGN2S08038-95-XS,LGN2S08038-95-XS,Coral,XS,MEDIUM (color+size match),MERGE_AND_DELETE_BRACKET
762124c3-c74f-424a-92e1-3d7dfc9b5157,WL Girls LS Print Snap Shirt (G-WMA-LGN2S08038-COR-XS),,G-WMA-LGN2S08038-COR-XL,G-WMA-LGN2S08038-COR-XL,Coral,XL,5c97c4aa-fdb8-40f1-a9a3-3890b3c12b5f,WL Girls LS print snap shirt,1978158287660,LGN2S08038-95-XL,LGN2S08038-95-XL,Coral,XL,MEDIUM (color+size match),MERGE_AND_DELETE_BRACKET
0af1885c-87e9-4e91-8c8a-679b98edc121,Ariat Booted Logo Sweatshirt (G-ARI-10062846-BLA-XS),,G-ARI-10062846-BLA-XS,G-ARI-10062846-BLA-XS,Black,XS,189767c4-264e-4d04-bce3-9161cd301367,GIRLS BOOTED LOGO SWTSHRT BLK,197318630217,10062846,10062846,Black,XS,MEDIUM (color+size match),MERGE_AND_DELETE_BRACKET
30993e37-fd6d-47c1-8731-33c0ed441556,Cruel Girls Shirt [CTW3370028],,G-CRU-CTW3370028-RED-RED-S/6-7,G-CRU-CTW3370028-RED-RED-S/6-7,Red,S/6-7,b5bcf420-0bac-4a85-88da-4f7869664ffa,GIRLS L/S PRINT 5/25,192584557688,G-CRU-CTW3370028-RED-S,G-CRU-CTW3370028-RED-S,RED,S/6-7,MEDIUM (color+size match),MERGE_AND_DELETE_BRACKET
62e78e88-3912-44a3-aba4-848d550d7577,Cruel Girls Shirt [CTW3370028],,G-CRU-CTW3370028-RED-RED-XL/12,G-CRU-CTW3370028-RED-RED-XL/12,Red,XL/12,63a0f6a4-d5fa-4d85-8dae-b2894f7fdc8a,GIRLS L/S PRINT 5/25,192584557718,G-CRU-CTW3370028-RED-XL,G-CRU-CTW3370028-RED-XL,RED,XL/12,MEDIUM (color+size match),MERGE_AND_DELETE_BRACKET
00912ccc-e9ee-4f71-82e3-3b6994ea2709,Low Rider Duster  (2042),,11601,11601,BROWN,XXL,a986f9c9-29eb-4e85-a645-ae79b725af44,LOW RIDER DUSTER,,2042-BRN-XXL,2042-BRN-XXL,BROWN,XXL,MEDIUM (color+size match),MERGE_AND_DELETE_BRACKET
01eb3e23-d7c6-4abf-8f34-ba954c0c14f3,Cruel Denim Hat [A-CRU-CCC0041039-BRN-BRN-OSFA],,A-CRU-CCC0041039-BRN-BRN-OSFA,A-CRU-CCC0041039-BRN-BRN-OSFA,,,a2b4df73-b8f5-44aa-b01c-c7786c75c379,Cruel Girls Cap,192584495980,A-CRU-CCC0042028-BLK-BLK-OSFA,A-CRU-CCC0042028-BLK-BLK-OSFA,,,MEDIUM (color+size match),MERGE_AND_DELETE_BRACKET
9b6411e9-6433-465b-9720-3b00800f8d9a,Cruel Denim [A-CRU-CXX7207028-GRN-GRN-OSFA],,A-CRU-CXX7207028-GRN-GRN-OSFA,A-CRU-CXX7207028-GRN-GRN-OSFA,,,a2b4df73-b8f5-44aa-b01c-c7786c75c379,Cruel Girls Cap,192584495980,A-CRU-CCC0042028-BLK-BLK-OSFA,A-CRU-CCC0042028-BLK-BLK-OSFA,,,MEDIUM (color+size match),MERGE_AND_DELETE_BRACKET
ffe1e5cd-3ccf-4466-b1f7-5a90def9d977,Glycerine Saddle Soap Bar (A-FIE-83-1322-0-0-7oz),,A-FIE-83-1322-0-0-7oz,A-FIE-83-1322-0-0-7oz,,,ceea0298-5d6d-4f80-b3b6-c0750498be8d,Fiebing's Glycerin Saddle Soap Bar,688499156424,83-1322-0-0,83-1322-0-0,,,MEDIUM (color+size match),MERGE_AND_DELETE_BRACKET
15b9dffe-44fb-4207-b8f9-64e1bd665a1b,Wahl Blades (A-GEN-1026-94),,A-GEN-1026-94,A-GEN-1026-94,,,f164710b-9e2a-434c-9a07-ca00f8332a66,Royal King Traverse Breastcollar,688499645140,45-1026-89-0,45-1026-89-0,,,MEDIUM (color+size match),MERGE_AND_DELETE_BRACKET
64b274a7-05ea-426b-a8ad-b232f2b00027,Liberty Rope 6-Panel Trucker Hat (A-GEN-2310T-GYBK-GB-OSFA) [A-GEN-2310T-GYBK-GB-OSFA],,A-GEN-2310T-GYBK-GB-OSFA,A-GEN-2310T-GYBK-GB-OSFA,,,a2b4df73-b8f5-44aa-b01c-c7786c75c379,Cruel Girls Cap,192584495980,A-CRU-CCC0042028-BLK-BLK-OSFA,A-CRU-CCC0042028-BLK-BLK-OSFA,,,MEDIUM (color+size match),MERGE_AND_DELETE_BRACKET
9635a602-59eb-4a74-aee7-762502d7b6cc,Lakota HY BL/WH 6P TRK OSFA (A-GEN-2448T-BLWH-BW-OSFA),,A-GEN-2448T-BLWH-BW-OSFA,A-GEN-2448T-BLWH-BW-OSFA,,,a2b4df73-b8f5-44aa-b01c-c7786c75c379,Cruel Girls Cap,192584495980,A-CRU-CCC0042028-BLK-BLK-OSFA,A-CRU-CCC0042028-BLK-BLK-OSFA,,,MEDIUM (color+size match),MERGE_AND_DELETE_BRACKET
7c25ba5f-6d82-4dfb-8384-8d3b96d3fe02,Yearling Halter with Snap (A-GEN-3-50-BS-RD-Yearling),,A-GEN-3-50-BS-RD-Yearling,A-GEN-3-50-BS-RD-Yearling,,,41dd712d-b3b7-4c5b-a43b-9e4221b00b76,"1"" Adj Chin & Throat Snap Halter, Yearling Horse",000399131781,A-WLE-35-7033-BL-Yearling-Horse,A-WLE-35-7033-BL-Yearling-Horse,,,MEDIUM (color+size match),MERGE_AND_DELETE_BRACKET
74e87485-9b05-4122-a241-d4ee67c4bc76,Chris Kyle Camo 6-Panel Trucker Cap (A-GEN-CK026-CAM-OSFA),810141638709,A-GEN-CK026-CAM-OSFA,A-GEN-CK026-CAM-OSFA,,,a2b4df73-b8f5-44aa-b01c-c7786c75c379,Cruel Girls Cap,192584495980,A-CRU-CCC0042028-BLK-BLK-OSFA,A-CRU-CCC0042028-BLK-BLK-OSFA,,,MEDIUM (color+size match),MERGE_AND_DELETE_BRACKET
68e83df5-b895-42ed-9f9d-7cd1aa594c3b,Cattleman 81 Eye (A-GEN-RSCATT-35408180-NAT-8) [A-GEN-RSCATT-35408180-NAT-8],,A-GEN-RSCATT-35408180-NAT-8,A-GEN-RSCATT-35408180-NAT-8,,,7234724f-38e4-4291-9dc7-b808c9db14c1,Cattleman 81 Eye Hat,717220127287,A-GEN-RSCATT-35408176-NAT-7-3/4,A-GEN-RSCATT-35408176-NAT-7-3/4,,,MEDIUM (color+size match),MERGE_AND_DELETE_BRACKET
7940fb8e-cd92-4b12-b853-f8e6ffce9da8,Large Halter (A-JMA-1990-RE-L-Large),,A-JMA-1990-RE-L-Large,A-JMA-1990-RE-L-Large,,,465b2f66-48f1-4392-b31f-68181c515913,Justin Boots Socks,026218210598,A-BHS-SOX-9606-LIM-X-Large-NA,A-BHS-SOX-9606-LIM-X-Large-NA,,,MEDIUM (color+size match),MERGE_AND_DELETE_BRACKET
87a78c64-f02b-4733-b956-19e18b47837a,Yearling Halter (A-JMA-3-50-BACS-BL-BRA-Yearling),,A-JMA-3-50-BACS-BL-BRA-Yearling,A-JMA-3-50-BACS-BL-BRA-Yearling,,,41dd712d-b3b7-4c5b-a43b-9e4221b00b76,"1"" Adj Chin & Throat Snap Halter, Yearling Horse",000399131781,A-WLE-35-7033-BL-Yearling-Horse,A-WLE-35-7033-BL-Yearling-Horse,,,MEDIUM (color+size match),MERGE_AND_DELETE_BRACKET
02854537-7dbf-412d-9049-0c331c631d7a,JE150 (A-JPC-JE140),840862011840,A-JPC-JE140,A-JPC-JE140,,,ebce4db4-4067-48a9-a5bf-28dbed4b15c4,AWST Int'l Sterling Silver & CZ Barrel Racing Earrings,,63-JE140,63-JE140,,,MEDIUM (color+size match),MERGE_AND_DELETE_BRACKET
94e3181d-56e0-4ef5-b6a2-ac4d0d34fc30,JE141 (A-JPC-JE141),840862011857,A-JPC-JE141,A-JPC-JE141,,,6c1d4c39-de3a-4a52-afb6-033c5184c5a8,AWST Int'l Cowboy Boot Earrings w/Colorful Cowboy Hat Gift Box,,63-JE141,63-JE141,,,MEDIUM (color+size match),MERGE_AND_DELETE_BRACKET
83396cfe-237d-4021-83c2-63fb69503a77,JN103 (A-JPC-JN103),840862012014,A-JPC-JN103,A-JPC-JN103,,,c837ae05-3ea7-4685-b6a0-7af056d200f9,AWST Int'l Horse Head Pendant Necklace w/Cowboy Hat Gift Box,,63-JN103-HH,63-JN103-HH,,,MEDIUM (color+size match),MERGE_AND_DELETE_BRACKET
d8805b59-8ea7-46f7-a5ef-0507bcf5fe20,Laney Wilson Lucky Me Hat (A-KON-CWLKYM-034007LO-BLA-Large),,A-KON-CWLKYM-034007LO-BLA-Large,A-KON-CWLKYM-034007LO-BLA-Large,,,465b2f66-48f1-4392-b31f-68181c515913,Justin Boots Socks,026218210598,A-BHS-SOX-9606-LIM-X-Large-NA,A-BHS-SOX-9606-LIM-X-Large-NA,,,MEDIUM (color+size match),MERGE_AND_DELETE_BRACKET
e4764094-6213-42f7-b3f9-d660b77d1fc2,Ariat Trucker Hat (A-MFW-A300085520-BW),,A-MFW-A300085520-BW,A-MFW-A300085520-BW,,,2862e38c-6879-49b7-9316-0936db78447b,Ariat Ladies Cap Red White Blue Diamond Denim,701340763616,A300085520,A300085520,,,MEDIUM (color+size match),MERGE_AND_DELETE_BRACKET
13fb86c7-9054-4cf1-aa62-4e3a420d68f1,Ariat Hat [A-MFW-A73148-7-125-7-1/8],,A-MFW-A73148-7-125-7-1/8,A-MFW-A73148-7-125-7-1/8,,,b677d305-6b2c-474b-86f6-794696d201ac,SISOL SS/SS Hat,701340575677,A-ARI-A73148-6.75-CHO-6-3/4,A-ARI-A73148-6.75-CHO-6-3/4,,,MEDIUM (color+size match),MERGE_AND_DELETE_BRACKET
59c75876-767d-429e-81ca-ce1547a3fe7f,3-DBeltCo (A-MFW-D740001836),,A-MFW-D740001836,A-MFW-D740001836,,,61592e89-984d-439f-8ee7-8800b865a557,"3D Chain Hatband 1"" Scalloped Cross Conchos Silver",701340775121,D740001836,D740001836,,,MEDIUM (color+size match),MERGE_AND_DELETE_BRACKET
eb056d18-f5da-4d73-9a67-352b663ab94c,3-DBeltCo Accessories Hat Bands (A-MFW-DH86030-PNK-7/16),,A-MFW-DH86030-PNK-7/16,A-MFW-DH86030-PNK-7/16,,,2b0ae07b-6f1a-4389-9017-ee0ffbc06eeb,3D White with Pink Crystals Hatband,701340764965,DH86030,DH86030,,,MEDIUM (color+size match),MERGE_AND_DELETE_BRACKET
666463a1-bd1e-40a3-bebf-c7abcc6ee92e,Twister Hat (A-MFW-T71010277-7.125-CRE-7-1/8) [A-MFW-T71010277-7.125-CRE-7-1/8],,A-MFW-T71010277-7.125-CRE-7-1/8,A-MFW-T71010277-7.125-CRE-7-1/8,,,96d6e98b-a291-46a9-9da0-96d6f7f70b2a,"Ariat Hat 2xWoolAM/SS4 1/4""3pc 7 1/8",701340577244,A-ARI-A7520247-7.125-BRO-7-1/8,A-ARI-A7520247-7.125-BRO-7-1/8,,,MEDIUM (color+size match),MERGE_AND_DELETE_BRACKET
882cdfae-fda3-4d9d-a355-4c839132bdfa,Twister Hat Dallas [A-MFW-T71010277-7.25-CRE-7-1/4],,A-MFW-T71010277-7.25-CRE-7-1/4,A-MFW-T71010277-7.25-CRE-7-1/4,,,4b71a8aa-57d0-4b9b-8d5b-7719eca1de2d,"Ariat Hat 2XWoolAM/SS4 1/4""3pc 7 1/4",701340577251,A-ARI-A7520247-7.25-BRO-7-1/4,A-ARI-A7520247-7.25-BRO-7-1/4,,,MEDIUM (color+size match),MERGE_AND_DELETE_BRACKET
a5ae36bc-ad3c-409e-8b56-de69505dbf7c,Twister Hat Dallas (A-MFW-T71010277-7.375-CRE-7-3/8) [A-MFW-T71010277-7.375-CRE-7-3/8],,A-MFW-T71010277-7.375-CRE-7-3/8,A-MFW-T71010277-7.375-CRE-7-3/8,,,6fb7400c-691a-4225-a1e9-52b7872e4f48,"Ariat Hat WoolAM/SS4 1/4""3pc7 3/8",701340577268,A-ARI-A7520247-7.375-BRO-7-3/8,A-ARI-A7520247-7.375-BRO-7-3/8,,,MEDIUM (color+size match),MERGE_AND_DELETE_BRACKET
a82e577d-f5f7-47ec-8066-55169eba379f,Twister Hat Dallas [A-MFW-T71010277-7.625-CRE-7-5/8],,A-MFW-T71010277-7.625-CRE-7-5/8,A-MFW-T71010277-7.625-CRE-7-5/8,,,bf42f529-210e-4a0a-8215-49904e72d4f8,"Ariat Hat 2xWoolAM/SS4 1/4""3pc 7 5/8",701340577282,A-ARI-A7520247-7.625-BRO-7-5/8,A-ARI-A7520247-7.625-BRO-7-5/8,,,MEDIUM (color+size match),MERGE_AND_DELETE_BRACKET
91d7b7cc-760a-42bf-975f-929efded0198,Cinch Cap [A-MIN-MCC0606038-MUL-GW-OSFA],,A-MIN-MCC0606038-MUL-GW-OSFA,A-MIN-MCC0606038-MUL-GW-OSFA,,,a2b4df73-b8f5-44aa-b01c-c7786c75c379,Cruel Girls Cap,192584495980,A-CRU-CCC0042028-BLK-BLK-OSFA,A-CRU-CCC0042028-BLK-BLK-OSFA,,,MEDIUM (color+size match),MERGE_AND_DELETE_BRACKET
9799718e-6441-4e2c-93c5-85c33ef4b988,Cinch Trucker Hat [A-MIN-MCC0660648-BRN-BRN-OSFA],,A-MIN-MCC0660648-BRN-BRN-OSFA,A-MIN-MCC0660648-BRN-BRN-OSFA,,,a2b4df73-b8f5-44aa-b01c-c7786c75c379,Cruel Girls Cap,192584495980,A-CRU-CCC0042028-BLK-BLK-OSFA,A-CRU-CCC0042028-BLK-BLK-OSFA,,,MEDIUM (color+size match),MERGE_AND_DELETE_BRACKET
4e81134d-6d05-43ee-89a7-e46001e7f81b,Oster Accessory Blade Set (A-OST-76913-696-Narrow-Blade-1/125-0.2-mm),,A-OST-76913-696-Narrow-Blade-1/125-0.2-mm,A-OST-76913-696-Narrow-Blade-1/125-0.2-mm,,,79504d26-dff0-4d21-acf9-1830e9cb6e52,Oster Accessory Blade Set,,A-OST-76913-606-T-Blade,A-OST-76913-606-T-Blade,,,MEDIUM (color+size match),MERGE_AND_DELETE_BRACKET
c285606d-4d64-4e9b-9826-2507c64e7e07,Oster Accessory Blade Set (A-OST-78913-226-Size-30-1/50),034264009219,A-OST-78913-226-Size-30-1/50,A-OST-78913-226-Size-30-1/50,,,21c8eb93-7119-4027-8d85-c7d836b7fb30,Oster Cryotech Blade,034264405554,A-OST-78913-246-1/100-to-3/3-.25MM-2.4MM,A-OST-78913-246-1/100-to-3/3-.25MM-2.4MM,,,MEDIUM (color+size match),MERGE_AND_DELETE_BRACKET
03fc14fc-238e-4bab-87b9-c581852cef9f,Belgrade Hat [OSBLGD],,A-RHE-OSBLGD---34007L0-BLA-L,A-RHE-OSBLGD---34007L0-BLA-L,Black,L,13c40a38-3e21-494c-8b3b-f534524bcc42,34 BELGRADE,195556034460,195556034460,A-RHE-OSBLGD-343007L0-BLA-L,BLACK,L,MEDIUM (color+size match),MERGE_AND_DELETE_BRACKET
cd8af9c6-577d-4db5-afd9-fee9d944c7aa,Belgrade Hat [OSBLGD],,A-RHE-OSBLGD---343007XL-BLA-XL,A-RHE-OSBLGD---343007XL-BLA-XL,Black,XL,c8dbf095-0855-413a-819d-8d23c0ba28fd,34 BELGRADE,195556034491,OSBLGD-343007XL,OSBLGD-343007XL,BLACK,XL,MEDIUM (color+size match),MERGE_AND_DELETE_BRACKET
4895828c-4bab-40eb-8c69-c9f916ef8818,Resistol Hazer Hat [A-RHE-RSHAZE-30428166-NAT-6-3/4],,A-RHE-RSHAZE-30428166-NAT-6-3/4,A-RHE-RSHAZE-30428166-NAT-6-3/4,,,99e58d9e-7d3f-4293-90bb-bf6d8a170428,Resistol George Strait Collection Hat,,A-RHE-30428166-NAT-6-3/4,A-RHE-30428166-NAT-6-3/4,,,MEDIUM (color+size match),MERGE_AND_DELETE_BRACKET
67b33d61-8620-4b3f-b353-896a618ce50d,Hatco Shootout Hat [RSSHOT-3042],,A-RHE-RSSHOT-3042-NAT-7-1/2,A-RHE-RSSHOT-3042-NAT-7-1/2,Natural,7 1/2,68befc97-661d-4138-bb57-ae4ffa7f9f7d,30 SHOOTOUT,717220587562,RSSHOT-30428174,RSSHOT-30428174,NATURAL,7 1/2,MEDIUM (color+size match),MERGE_AND_DELETE_BRACKET
7da27a71-7789-4f7a-a5e7-da0c5e3a6e28,Hatco Shootout Hat [RSSHOT-3042],,A-RHE-RSSHOT-3042-NAT-7-1/4,A-RHE-RSSHOT-3042-NAT-7-1/4,Natural,7 1/4,7b5002ce-f92d-4fe5-934f-00b19b3da6ff,30 SHOOTOUT,717220587548,RSSHOT-30428172,RSSHOT-30428172,NATURAL,7 1/4,MEDIUM (color+size match),MERGE_AND_DELETE_BRACKET
8625c483-27bd-4c8e-892e-043c27ff6436,Hatco Shootout Hat [RSSHOT-3042],,A-RHE-RSSHOT-3042-NAT-6-3/4,A-RHE-RSSHOT-3042-NAT-6-3/4,Natural,6 3/4,a8d02df5-0d47-47ec-9a6d-6148e5b8209d,30 SHOOTOUT,717220587500,RSSHOT-30428166,RSSHOT-30428166,NATURAL,6 3/4,MEDIUM (color+size match),MERGE_AND_DELETE_BRACKET
6e0d118b-6e2e-413f-92d3-d1eb95261f14,The Guard Hat [A-RHE-RSTHGD-CJ42M274-BW-7-1/2],,A-RHE-RSTHGD-CJ42M274-BW-7-1/2,A-RHE-RSTHGD-CJ42M274-BW-7-1/2,,,7c0382f9-3500-4fe0-816f-9d14e0143f04,The Guard Hat,,A-GEN-RSTHGD-CJ42M276-BW-7-3/4,A-GEN-RSTHGD-CJ42M276-BW-7-3/4,,,MEDIUM (color+size match),MERGE_AND_DELETE_BRACKET
fde049f8-e6fa-4e33-951e-decf44beb4cf,The Guard Hat [A-RHE-RSTHGD-CJ42M275-BW-7-5/8],,A-RHE-RSTHGD-CJ42M275-BW-7-5/8,A-RHE-RSTHGD-CJ42M275-BW-7-5/8,,,7c0382f9-3500-4fe0-816f-9d14e0143f04,The Guard Hat,,A-GEN-RSTHGD-CJ42M276-BW-7-3/4,A-GEN-RSTHGD-CJ42M276-BW-7-3/4,,,MEDIUM (color+size match),MERGE_AND_DELETE_BRACKET
0ec1e622-70ef-4f78-8f2c-f57b01cd3760,The Guard Hat [A-RHE-RSTHGD-CJ42M2T26-BW-7-3/4],,A-RHE-RSTHGD-CJ42M2T26-BW-7-3/4,A-RHE-RSTHGD-CJ42M2T26-BW-7-3/4,,,7c0382f9-3500-4fe0-816f-9d14e0143f04,The Guard Hat,,A-GEN-RSTHGD-CJ42M276-BW-7-3/4,A-GEN-RSTHGD-CJ42M276-BW-7-3/4,,,MEDIUM (color+size match),MERGE_AND_DELETE_BRACKET
85a49693-0588-41bd-a6cf-0fbce71578b4,Stetson Gus Hat [A-RHE-SFGUSS-50400774-BLA-7-1/2],,A-RHE-SFGUSS-50400774-BLA-7-1/2,A-RHE-SFGUSS-50400774-BLA-7-1/2,,,722ffe48-aa5e-4095-b1b3-81917b48f17f,Stetson Gus Hat,,A-RHE-SFGUSS-50400773-BLA-7-3/8,A-RHE-SFGUSS-50400773-BLA-7-3/8,,,MEDIUM (color+size match),MERGE_AND_DELETE_BRACKET
64fa8202-89f7-483a-9c91-c2d1b365d577,Stetson Gus Hat [A-RHE-SFGUSS-50406173-SIL-7-3/8],,A-RHE-SFGUSS-50406173-SIL-7-3/8,A-RHE-SFGUSS-50406173-SIL-7-3/8,,,722ffe48-aa5e-4095-b1b3-81917b48f17f,Stetson Gus Hat,,A-RHE-SFGUSS-50400773-BLA-7-3/8,A-RHE-SFGUSS-50400773-BLA-7-3/8,,,MEDIUM (color+size match),MERGE_AND_DELETE_BRACKET
5231daff-625d-4b6c-99e8-001fc7c234bc,Scout Boot Stretch (A-SSI-03602-6.5-NA),,A-SSI-03602-6.5-NA,A-SSI-03602-6.5-NA,,,c97d6094-827d-4e69-bac2-2bb26d70659f,Scout Boot Strtch,701340069817,03602,03602,,,MEDIUM (color+size match),MERGE_AND_DELETE_BRACKET
0c4815af-044b-4e56-8de8-9d2b26e55216,Shank Bit (A-WLE-25-1794),,A-WLE-25-1794,A-WLE-25-1794,,,c46da739-bb5c-4ef9-a6da-17ace55549ab,Tough1 Solid Steel Leather Punch,688499152594,76-1794-0-0,76-1794-0-0,,,MEDIUM (color+size match),MERGE_AND_DELETE_BRACKET
7779c169-45d8-47e5-ad58-ecc1f26b621f,"3/4"" Adj Chin & Throat Snap Halter [A-WLE-35-1032-BL-BLU-Weanling-Horse]",000399117242,A-WLE-35-1032-BL-BLU-Weanling-Horse,A-WLE-35-1032-BL-BLU-Weanling-Horse,,,ec903a2f-f171-4f1e-95e6-7f6edc63a4a0,Paisley Cross with Turquoise Ornament,688499599016,91-1032-0-0,91-1032-0-0,,,MEDIUM (color+size match),MERGE_AND_DELETE_BRACKET
76cb00ab-326b-4cf5-9de9-e49fd7c58644,"3/4"" Adj Chin & Throat Snap Halter, Weanling Horse [A-WLE-35-1032-HB-HUR-Weanling-Horse]",000399614444,A-WLE-35-1032-HB-HUR-Weanling-Horse,A-WLE-35-1032-HB-HUR-Weanling-Horse,,,ec903a2f-f171-4f1e-95e6-7f6edc63a4a0,Paisley Cross with Turquoise Ornament,688499599016,91-1032-0-0,91-1032-0-0,,,MEDIUM (color+size match),MERGE_AND_DELETE_BRACKET
165f1723-cf73-4d94-a2a7-e2b88f83eb64,"3/4"" Adj Chin & Throat Snap Halter [A-WLE-35-1032-PU-PUR-Weanling-Horse]",000399295902,A-WLE-35-1032-PU-PUR-Weanling-Horse,A-WLE-35-1032-PU-PUR-Weanling-Horse,,,ec903a2f-f171-4f1e-95e6-7f6edc63a4a0,Paisley Cross with Turquoise Ornament,688499599016,91-1032-0-0,91-1032-0-0,,,MEDIUM (color+size match),MERGE_AND_DELETE_BRACKET
503985dc-2131-424d-807a-086e12927d08,"3/4"" Adj Chin & Throat Snap Halter, Weanling Horse [A-WLE-35-1032-RD-RED-Weanling-Horse]",000399117303,A-WLE-35-1032-RD-RED-Weanling-Horse,A-WLE-35-1032-RD-RED-Weanling-Horse,,,ec903a2f-f171-4f1e-95e6-7f6edc63a4a0,Paisley Cross with Turquoise Ornament,688499599016,91-1032-0-0,91-1032-0-0,,,MEDIUM (color+size match),MERGE_AND_DELETE_BRACKET
c4ddec21-3bdb-4336-8643-1ecbc783ed92,Round Cotton Lunge Lines (A-WLE-35-1916-BL-BLU),000399527638,A-WLE-35-1916-BL-BLU,A-WLE-35-1916-BL-BLU,,,4b3d8fd5-8040-4003-b8b3-5b3636b5c745,Tough1 Deck of Cards Spurs,688499444224,78-1916-7-,78-1916-7-,,,MEDIUM (color+size match),MERGE_AND_DELETE_BRACKET
b0bf0fa5-9e9d-436e-9dc6-fb3ee2e93f70,Round Cotton Lunge Lines (A-WLE-35-1916-PU-PUR),000399527621,A-WLE-35-1916-PU-PUR,A-WLE-35-1916-PU-PUR,,,4b3d8fd5-8040-4003-b8b3-5b3636b5c745,Tough1 Deck of Cards Spurs,688499444224,78-1916-7-,78-1916-7-,,,MEDIUM (color+size match),MERGE_AND_DELETE_BRACKET
7bf3c0b9-8d04-44ed-aa1b-b61b90e2a546,10' SB 225 Poly Lead Rope B13 Ribbon (A-WLE-35-2100-B16-HP-10),,A-WLE-35-2100-B16-HP-10,A-WLE-35-2100-B16-HP-10,,,8b12ee2b-d7ed-4ee5-ab0f-46b0aaf97d5b,"1/2"" Conway Buckle",688499151405,75-2100-0-0,75-2100-0-0,,,MEDIUM (color+size match),MERGE_AND_DELETE_BRACKET
3c7c5ae1-06ce-4ba2-b4ef-de7a231ef11e,"10"" SB 225 Poly Lead Rope, B17Ribbon (A-WLE-35-2100-B17-ZT)",,A-WLE-35-2100-B17-ZT,A-WLE-35-2100-B17-ZT,,,8b12ee2b-d7ed-4ee5-ab0f-46b0aaf97d5b,"1/2"" Conway Buckle",688499151405,75-2100-0-0,75-2100-0-0,,,MEDIUM (color+size match),MERGE_AND_DELETE_BRACKET
e6380a25-c81d-47dd-9f95-f7e98fd3e5b4,"10' SB 225 Poly Lead Rope, W9 Twist (A-WLE-35-2100-W9-RW)",,A-WLE-35-2100-W9-RW,A-WLE-35-2100-W9-RW,,,8b12ee2b-d7ed-4ee5-ab0f-46b0aaf97d5b,"1/2"" Conway Buckle",688499151405,75-2100-0-0,75-2100-0-0,,,MEDIUM (color+size match),MERGE_AND_DELETE_BRACKET
5d25ab6c-cef7-459f-9f59-a56df8f771bd,"1"" Original Halter [A-WLE-35-7006-DP-PNK-Lg-Horse-or-2-Yr-Old-Draft-Horse]",000399614994,A-WLE-35-7006-DP-PNK-Lg-Horse-or-2-Yr-Old-Draft-Horse,A-WLE-35-7006-DP-PNK-Lg-Horse-or-2-Yr-Old-Draft-Horse,,,090c825e-c8ee-407a-ac6e-eeda49320c76,"1"" Original Halter",000399288638,A-WLE-35-7006-PU-PUR-Lg-Horse-or-2-Yr-Old-Draft-Horse,A-WLE-35-7006-PU-PUR-Lg-Horse-or-2-Yr-Old-Draft-Horse,,,MEDIUM (color+size match),MERGE_AND_DELETE_BRACKET
f3b846bd-a4a4-4fa3-a914-4f388638fd30,"1"" ORIG NONADJ LG HLTR, FRNCH BL (A-WLE-35-7006-FB-FRE-LG)",000399707030,A-WLE-35-7006-FB-FRE-LG,A-WLE-35-7006-FB-FRE-LG,,,090c825e-c8ee-407a-ac6e-eeda49320c76,"1"" Original Halter",000399288638,A-WLE-35-7006-PU-PUR-Lg-Horse-or-2-Yr-Old-Draft-Horse,A-WLE-35-7006-PU-PUR-Lg-Horse-or-2-Yr-Old-Draft-Horse,,,MEDIUM (color+size match),MERGE_AND_DELETE_BRACKET
f22015fd-ff61-485c-8c4a-9c32a0776ffe,"1"" ADJ Chin & Throat Snap Halter [A-WLE-35-7034-BL-BLU-Small-Horse-or-Weanling-Draft-Horse]",000399131880,A-WLE-35-7034-BL-BLU-Small-Horse-or-Weanling-Draft-Horse,A-WLE-35-7034-BL-BLU-Small-Horse-or-Weanling-Draft-Horse,,,bbc2a06d-0a9c-4c4a-b0ba-2f4e493265d6,"3/4"" ADJ CHIN & THROAT SNAP HALTER",000399117075,A-WLE-35-1030-HG-Suckling-Horse,A-WLE-35-1030-HG-Suckling-Horse,,,MEDIUM (color+size match),MERGE_AND_DELETE_BRACKET
be8b4343-5e43-46ca-b09c-38df37264719,"1"" Adj Chin & Throat Snap Halter (A-WLE-35-7035-BL-MED)",000399131989,A-WLE-35-7035-BL-MED,A-WLE-35-7035-BL-MED,,,4158fdb9-dd90-4183-acfb-654c9722e172,"1"" Adj Chin & Throat Snap Halter",000399614918,A-WLE-35-7035-DP-DAR-Med-Horse-or-Yearling-Draft-Horse,A-WLE-35-7035-DP-DAR-Med-Horse-or-Yearling-Draft-Horse,,,MEDIUM (color+size match),MERGE_AND_DELETE_BRACKET
ca236c7f-a107-4fe3-868c-2b58597955ba,Weaver Equine Halter (A-WLE-35-7035-HB-HUR),000399553163,A-WLE-35-7035-HB-HUR,A-WLE-35-7035-HB-HUR,,,4158fdb9-dd90-4183-acfb-654c9722e172,"1"" Adj Chin & Throat Snap Halter",000399614918,A-WLE-35-7035-DP-DAR-Med-Horse-or-Yearling-Draft-Horse,A-WLE-35-7035-DP-DAR-Med-Horse-or-Yearling-Draft-Horse,,,MEDIUM (color+size match),MERGE_AND_DELETE_BRACKET
ac262c28-e349-41d8-8c6a-35e32498dce8,RR Stripe Printed LS (A-WMA-BBN2S07649-TEA-S),197815767188,A-WMA-BBN2S07649-TEA-XL,A-WMA-BBN2S07649-TEA-XL,Teal,XL,573fdd20-0227-4a7b-9f1f-10c1fba622c4,RR STRIPE PRINTED LS SNAP,1978157671880,BBN2S07649-81-XL,BBN2S07649-81-XL,Teal,XL,MEDIUM (color+size match),MERGE_AND_DELETE_BRACKET
bce00678-6e40-4689-b117-5727dd9c7ff4,RR Stripe Printed LS (A-WMA-BBN2S07649-TEA-S),,B-WMA-BBN2S07649-TEA-L,B-WMA-BBN2S07649-TEA-L,Teal,L,f87be8f9-8053-4d99-b21c-8c721b46336c,RR STRIPE PRINTED LS SNAP,1978157671710,BBN2S07649-81-L,BBN2S07649-81-L,Teal,L,MEDIUM (color+size match),MERGE_AND_DELETE_BRACKET
d618815c-6abb-439a-82aa-c20ff8aacdf9,RR Stripe Printed LS (A-WMA-BBN2S07649-TEA-S),197815767157,A-WMA-BBN2S07649-TEA-S,A-WMA-BBN2S07649-TEA-S,Teal,S,a2c0de8a-e102-4e3f-86be-5daa6eb7095c,RR STRIPE PRINTED LS SNAP,1978157671570,BBN2S07649-81-S,BBN2S07649-81-S,Teal,S,MEDIUM (color+size match),MERGE_AND_DELETE_BRACKET
714b877f-39da-4d02-a1f4-2535c77ab3f5,Rae Sun (K-AUR-82147),,K-AUR-82147,K-AUR-82147,,,9ab79614-bbdb-4491-ac0d-57d333a1fcfa,Western Saddle Salt & Pepper Shaker Set,688499414685,87-82147-0-0,87-82147-0-0,,,MEDIUM (color+size match),MERGE_AND_DELETE_BRACKET
4e08df39-d360-4c67-ba65-a7881db081ca,CHI 8 BLACK/RED DEXTER BS (K-DPC-DPC4001-BR-11.5-D) [K-DPC-DPC4001-BR-11.5-D],,K-DPC-DPC4001-BR-11.5-D,K-DPC-DPC4001-BR-11.5-D,,,bf8ae541-3c57-4ef8-9b28-77832ce70c33,Tony Lama XT 5104,,M-BHS-XT-5104-11.5-EE,M-BHS-XT-5104-11.5-EE,,,MEDIUM (color+size match),MERGE_AND_DELETE_BRACKET
00e2272d-2a25-44ab-9419-c4a05f2aeebb,1/32 Die-Cast Truck (K-GEN-50622),,K-GEN-50622,K-GEN-50622,,,61d42572-3133-46f0-ba20-bde5bd1a4906,Bigtime Rodeo Peterbilt Bull Hauler Play Set,701340339156,50622,50622,,,MEDIUM (color+size match),MERGE_AND_DELETE_BRACKET
a66a86c3-57af-418d-8f10-efc0f0d65729,1/32 Die-Cast Model Truck w/ Plastic Openable Door (K-GEN-50632),,K-GEN-50632,K-GEN-50632,,,99573c73-2535-4ef1-a6e9-52a167ab59c5,Bigtime Rodeo Truck & Trailer Play Set,701340339200,50632,50632,,,MEDIUM (color+size match),MERGE_AND_DELETE_BRACKET
201ea884-263d-446c-af33-44413cb9a631,Horse Playset (K-GEN-50648) [K-GEN-50648],,K-GEN-50648,K-GEN-50648,,,8f994f25-c1f0-4310-b765-6e84ea3ddc05,Bigtime Barnyard 5pc Horse Play Set,701340339286,50648,50648,,,MEDIUM (color+size match),MERGE_AND_DELETE_BRACKET
ce1e35e3-0481-4d16-99a2-dd6bb9f58714,Animal Playset (K-GEN-50650) [K-GEN-50650],,K-GEN-50650,K-GEN-50650,,,485df8f8-c14d-47da-9ba5-a6933e5ce423,Bigtime Barnyard 6pc Cow Play Set,701340339293,50650,50650,,,MEDIUM (color+size match),MERGE_AND_DELETE_BRACKET
56dcb3a1-3882-4815-8e06-ebbe39b2d150,Farm Playset (K-GEN-50820),,K-GEN-50820,K-GEN-50820,,,0508542d-bf6e-49dc-bea3-6fcebb25c72a,Bigtime Rodeo Stall and ATV Pink Play Set,701340395244,50820,50820,,,MEDIUM (color+size match),MERGE_AND_DELETE_BRACKET
15d9d85b-9939-4269-9385-fad1393f36de,Kubota Toy (K-GEN-5100005),,K-GEN-5100005,K-GEN-5100005,,,6de1db91-975b-429f-8fe4-e1df44d17ea1,Truck KubotaTrack Loader,701340611771,5100005,5100005,,,MEDIUM (color+size match),MERGE_AND_DELETE_BRACKET
6b7705d8-290f-401c-8405-532586602735,Tin Haul 14-016-0007-1685 (K-KAR-14-016-0007-1685-4-NA),,K-KAR-14-016-0007-1685-4-NA,K-KAR-14-016-0007-1685-4-NA,,,1535d0ee-b609-4a40-b6c1-dc491fe93f78,Tin Haul,052356012305,W-KAR-14-021-0007-1447-BL-6-NA,W-KAR-14-021-0007-1447-BL-6-NA,,,MEDIUM (color+size match),MERGE_AND_DELETE_BRACKET
4ebfa609-183d-4576-a354-e59f4ea63290,Kids Spurs (K-MFW-50200),,K-MFW-50200,K-MFW-50200,,,418356e1-9c58-478a-9b08-269e363dacd1,Kids Spur Set,701340135420,50200,50200,,,MEDIUM (color+size match),MERGE_AND_DELETE_BRACKET
81222937-1ba8-4ea1-9d57-9db069111c86,Kids Spurs (K-MFW-5020030),,K-MFW-5020030,K-MFW-5020030,,,0b47be9b-4b0b-4617-b8ab-bf7194acd0e5,KidsSpurSV w/PinkLeather,701340301573,5020030,5020030,,,MEDIUM (color+size match),MERGE_AND_DELETE_BRACKET
f3f8ee38-53e3-4f60-8f4e-57b2ed96eaa8,Bigtime Barnyard Toy (K-MFW-5100010) [K-MFW-5100010],,K-MFW-5100010,K-MFW-5100010,,,9ff02384-939c-4d1d-8d2d-e7a9903919ba,Bigtime Barnyard 4 Piece Horse Set,701340687271,5100010,5100010,,,MEDIUM (color+size match),MERGE_AND_DELETE_BRACKET
4462ce4f-a6c4-4a6b-a52d-1d07de31882b,Ariat Cap [K-MFW-A300081601-BG-Youth-OS],,K-MFW-A300081601-BG-Youth-OS,K-MFW-A300081601-BG-Youth-OS,,,78ce28af-54d0-4fec-a778-6ea90824d8ee,Youth Schooling Leathers,,K-JTI-24-810-BRO-Youth-1-x-48,K-JTI-24-810-BRO-Youth-1-x-48,,,MEDIUM (color+size match),MERGE_AND_DELETE_BRACKET
548e589c-3b79-468d-b5aa-4f16f087de41,Ariat Cap [K-MFW-A300081706-GW-Youth-OS],,K-MFW-A300081706-GW-Youth-OS,K-MFW-A300081706-GW-Youth-OS,,,78ce28af-54d0-4fec-a778-6ea90824d8ee,Youth Schooling Leathers,,K-JTI-24-810-BRO-Youth-1-x-48,K-JTI-24-810-BRO-Youth-1-x-48,,,MEDIUM (color+size match),MERGE_AND_DELETE_BRACKET
e9c074d1-9b53-4116-8fea-e65591bb0f36,Smoky Mt 3122C (K-SMB-3122C-BP-11.5-NA) [K-SMB-3122C-BP-11.5-NA],,K-SMB-3122C-BP-11.5-NA,K-SMB-3122C-BP-11.5-NA,,,bf8ae541-3c57-4ef8-9b28-77832ce70c33,Tony Lama XT 5104,,M-BHS-XT-5104-11.5-EE,M-BHS-XT-5104-11.5-EE,,,MEDIUM (color+size match),MERGE_AND_DELETE_BRACKET
a812cffc-acc8-41ed-b306-7248a7c5fcb9,Heritage Crepe (M-ARI-10002559-E-11.5-D),,M-ARI-10002559-E-11.5-D,M-ARI-10002559-E-11.5-D,,,bf8ae541-3c57-4ef8-9b28-77832ce70c33,Tony Lama XT 5104,,M-BHS-XT-5104-11.5-EE,M-BHS-XT-5104-11.5-EE,,,MEDIUM (color+size match),MERGE_AND_DELETE_BRACKET
0eca7b48-4cd8-423e-9ca0-7975a9a6a298,Ariat Ultra High Rise Wide Leg Jeans (M-ARI-Ariat-C-11.5-EE) [M-ARI-Ariat-C-11.5-EE],,M-ARI-Ariat-C-11.5-EE,M-ARI-Ariat-C-11.5-EE,,,bf8ae541-3c57-4ef8-9b28-77832ce70c33,Tony Lama XT 5104,,M-BHS-XT-5104-11.5-EE,M-BHS-XT-5104-11.5-EE,,,MEDIUM (color+size match),MERGE_AND_DELETE_BRACKET
c6511125-aaba-4093-800a-2c14c37271bd,"Vengeance Men's 12"" Waterproof U Toe Western Boots (M-BHS-491860509551-NEU-11.5-NA)",,M-BHS-491860509551-NEU-11.5-NA,M-BHS-491860509551-NEU-11.5-NA,,,bf8ae541-3c57-4ef8-9b28-77832ce70c33,Tony Lama XT 5104,,M-BHS-XT-5104-11.5-EE,M-BHS-XT-5104-11.5-EE,,,MEDIUM (color+size match),MERGE_AND_DELETE_BRACKET
3d12c4fe-7148-497b-b4cf-29cffc6c1d67,"Vengeance Men's 12"" Waterproof U Toe Work Western (M-BHS-749186509555-NEU-11.5-NA)",,M-BHS-749186509555-NEU-11.5-NA,M-BHS-749186509555-NEU-11.5-NA,,,bf8ae541-3c57-4ef8-9b28-77832ce70c33,Tony Lama XT 5104,,M-BHS-XT-5104-11.5-EE,M-BHS-XT-5104-11.5-EE,,,MEDIUM (color+size match),MERGE_AND_DELETE_BRACKET
7fdf376e-5f18-4aca-9488-32760c7a583f,CONDUCTOR (M-BHS-760-NA-11.5-D),,M-BHS-760-NA-11.5-D,M-BHS-760-NA-11.5-D,,,bf8ae541-3c57-4ef8-9b28-77832ce70c33,Tony Lama XT 5104,,M-BHS-XT-5104-11.5-EE,M-BHS-XT-5104-11.5-EE,,,MEDIUM (color+size match),MERGE_AND_DELETE_BRACKET
21d66308-b210-4d68-ba49-85245565d09c,CONDUCTOR (M-BHS-760-NA-11.5-EEE),,M-BHS-760-NA-11.5-EEE,M-BHS-760-NA-11.5-EEE,,,bf8ae541-3c57-4ef8-9b28-77832ce70c33,Tony Lama XT 5104,,M-BHS-XT-5104-11.5-EE,M-BHS-XT-5104-11.5-EE,,,MEDIUM (color+size match),MERGE_AND_DELETE_BRACKET
764b7c7e-ee1d-4e93-95c7-c18c2092a4e8,Carolina Gruntz (M-BHS-CA3602-NA-10.5-2E) [M-BHS-CA3602-NA-10.5-2E],,M-BHS-CA3602-NA-10.5-2E,M-BHS-CA3602-NA-10.5-2E,,,bf45ce71-c9db-49b8-8e15-b44d94a2feec,Hooey 10.5 Calf Rope,691119009246,A-CR-HooCore-WG-10.5-CALF,A-CR-HooCore-WG-10.5-CALF,,,MEDIUM (color+size match),MERGE_AND_DELETE_BRACKET
e8ec0cf3-7982-4e3b-bf3f-00153c0d3a0b,Double-H Ronan (M-BHS-DH4655-TT-11.5-EE),0749186515112,M-BHS-DH4655-TT-11.5-EE,M-BHS-DH4655-TT-11.5-EE,,,bf8ae541-3c57-4ef8-9b28-77832ce70c33,Tony Lama XT 5104,,M-BHS-XT-5104-11.5-EE,M-BHS-XT-5104-11.5-EE,,,MEDIUM (color+size match),MERGE_AND_DELETE_BRACKET
e6c98610-b76c-4c19-a0f1-812baf31f605,"Vengeance Men's 12"" Waterproof U Toe Work Western Boots (M-BHS-DH5427-NEU-11.5-NA) [M-BHS-DH5427-NEU-11.5-NA]",,M-BHS-DH5427-NEU-11.5-NA,M-BHS-DH5427-NEU-11.5-NA,,,bf8ae541-3c57-4ef8-9b28-77832ce70c33,Tony Lama XT 5104,,M-BHS-XT-5104-11.5-EE,M-BHS-XT-5104-11.5-EE,,,MEDIUM (color+size match),MERGE_AND_DELETE_BRACKET
39513742-2fe7-43f9-809f-bc0f71c8273a,Plano Taupe Suede Boots (M-BHS-DR3051-NA-10.5-D) [M-BHS-DR3051-NA-10.5-D],,M-BHS-DR3051-NA-10.5-D,M-BHS-DR3051-NA-10.5-D,,,bf45ce71-c9db-49b8-8e15-b44d94a2feec,Hooey 10.5 Calf Rope,691119009246,A-CR-HooCore-WG-10.5-CALF,A-CR-HooCore-WG-10.5-CALF,,,MEDIUM (color+size match),MERGE_AND_DELETE_BRACKET
4cc15e37-855c-42c0-bc78-aa62256d7f1c,Taskmaker Brown Water Buffalo Boots (M-BHS-PD4072-BB-10.5-D) [M-BHS-PD4072-BB-10.5-D],,M-BHS-PD4072-BB-10.5-D,M-BHS-PD4072-BB-10.5-D,,,bf45ce71-c9db-49b8-8e15-b44d94a2feec,Hooey 10.5 Calf Rope,691119009246,A-CR-HooCore-WG-10.5-CALF,A-CR-HooCore-WG-10.5-CALF,,,MEDIUM (color+size match),MERGE_AND_DELETE_BRACKET
e8d839ac-bf22-42c6-82cd-a699d378dc38,Taskmaker Brown Water Buffalo Boots (M-BHS-PD4072-BB-10.5-EE) [M-BHS-PD4072-BB-10.5-EE],,M-BHS-PD4072-BB-10.5-EE,M-BHS-PD4072-BB-10.5-EE,,,bf45ce71-c9db-49b8-8e15-b44d94a2feec,Hooey 10.5 Calf Rope,691119009246,A-CR-HooCore-WG-10.5-CALF,A-CR-HooCore-WG-10.5-CALF,,,MEDIUM (color+size match),MERGE_AND_DELETE_BRACKET
c09ba852-1860-40d9-bb7f-56384175692f,Taskmaker Brown Water Buffalo Boots (M-BHS-PD4072-BB-11.5-D) [M-BHS-PD4072-BB-11.5-D],,M-BHS-PD4072-BB-11.5-D,M-BHS-PD4072-BB-11.5-D,,,bf8ae541-3c57-4ef8-9b28-77832ce70c33,Tony Lama XT 5104,,M-BHS-XT-5104-11.5-EE,M-BHS-XT-5104-11.5-EE,,,MEDIUM (color+size match),MERGE_AND_DELETE_BRACKET
9e912196-72b4-4b63-8543-de351f2996ef,Taskmaker Brown Water Buffalo Boots (M-BHS-PD4072-BB-11.5-EE) [M-BHS-PD4072-BB-11.5-EE],,M-BHS-PD4072-BB-11.5-EE,M-BHS-PD4072-BB-11.5-EE,,,bf8ae541-3c57-4ef8-9b28-77832ce70c33,Tony Lama XT 5104,,M-BHS-XT-5104-11.5-EE,M-BHS-XT-5104-11.5-EE,,,MEDIUM (color+size match),MERGE_AND_DELETE_BRACKET
a493961d-be12-4490-9b30-bb9f23a6efd4,"Civil Dusk Men's 11"" Roper (M-BHS-PH5046-NA-11.5-EE)",,M-BHS-PH5046-NA-11.5-EE,M-BHS-PH5046-NA-11.5-EE,,,bf8ae541-3c57-4ef8-9b28-77832ce70c33,Tony Lama XT 5104,,M-BHS-XT-5104-11.5-EE,M-BHS-XT-5104-11.5-EE,,,MEDIUM (color+size match),MERGE_AND_DELETE_BRACKET
a88fb81d-4dbc-40c3-8225-a01c19eab737,Civil Dusk Men's Western Boots (M-BHS-PH5047-B-8-D),,M-BHS-PH5047-B-8-D,M-BHS-PH5047-B-8-D,,,7dbcbc38-852f-4504-b2d9-d86f91177f38,Civil Dusk Men's Western Boots,,M-BHS-PH5047-NA-9-D-NA,M-BHS-PH5047-NA-9-D-NA,,,MEDIUM (color+size match),MERGE_AND_DELETE_BRACKET
b0735537-2096-4929-86f2-990e4a10b923,Civil Dusk Men's Western Boots (M-BHS-PH5047-NA-10-D),749186537497,M-BHS-PH5047-NA-10-D,M-BHS-PH5047-NA-10-D,,,7dbcbc38-852f-4504-b2d9-d86f91177f38,Civil Dusk Men's Western Boots,,M-BHS-PH5047-NA-9-D-NA,M-BHS-PH5047-NA-9-D-NA,,,MEDIUM (color+size match),MERGE_AND_DELETE_BRACKET
61ea07b1-f2dc-40d3-b67d-1ce09e7ace1b,Civil Dusk Men's Western Boots (M-BHS-PH5047-NA-11.5-D),,M-BHS-PH5047-NA-11.5-D,M-BHS-PH5047-NA-11.5-D,,,7dbcbc38-852f-4504-b2d9-d86f91177f38,Civil Dusk Men's Western Boots,,M-BHS-PH5047-NA-9-D-NA,M-BHS-PH5047-NA-9-D-NA,,,MEDIUM (color+size match),MERGE_AND_DELETE_BRACKET
8789cf38-8292-4368-9d5b-5e86a3156f7d,Civil Dusk Men's Western Boots (M-BHS-PH5047-NA-13-D),,M-BHS-PH5047-NA-13-D,M-BHS-PH5047-NA-13-D,,,7dbcbc38-852f-4504-b2d9-d86f91177f38,Civil Dusk Men's Western Boots,,M-BHS-PH5047-NA-9-D-NA,M-BHS-PH5047-NA-9-D-NA,,,MEDIUM (color+size match),MERGE_AND_DELETE_BRACKET
25c216eb-7558-4e43-904b-7560baf22afe,Civil Dusk Men's Western Boots (M-BHS-PH5047-NA-8.5-D) [M-BHS-PH5047-NA-8.5-D],,M-BHS-PH5047-NA-8.5-D,M-BHS-PH5047-NA-8.5-D,,,7dbcbc38-852f-4504-b2d9-d86f91177f38,Civil Dusk Men's Western Boots,,M-BHS-PH5047-NA-9-D-NA,M-BHS-PH5047-NA-9-D-NA,,,MEDIUM (color+size match),MERGE_AND_DELETE_BRACKET
40edfc52-dcfe-468e-8df5-84fac33e8b9c,Civil Dusk Men's Western Boots (M-BHS-PH5047-NA-9.5-D),,M-BHS-PH5047-NA-9.5-D,M-BHS-PH5047-NA-9.5-D,,,7dbcbc38-852f-4504-b2d9-d86f91177f38,Civil Dusk Men's Western Boots,,M-BHS-PH5047-NA-9-D-NA,M-BHS-PH5047-NA-9-D-NA,,,MEDIUM (color+size match),MERGE_AND_DELETE_BRACKET
238504da-9728-42e3-9212-491781f542c9,Civil Dusk Men's Western Boots (M-BHS-PH5047-NA-9.5-EE),,M-BHS-PH5047-NA-9.5-EE,M-BHS-PH5047-NA-9.5-EE,,,7dbcbc38-852f-4504-b2d9-d86f91177f38,Civil Dusk Men's Western Boots,,M-BHS-PH5047-NA-9-D-NA,M-BHS-PH5047-NA-9-D-NA,,,MEDIUM (color+size match),MERGE_AND_DELETE_BRACKET
797d4ac4-e81d-4717-b0fb-e8fd8f5ab608,Bartlett Coffee Water Buffalo Boots (M-BHS-RR3358-BAR-10.5-D) [M-BHS-RR3358-BAR-10.5-D],,M-BHS-RR3358-BAR-10.5-D,M-BHS-RR3358-BAR-10.5-D,,,bf45ce71-c9db-49b8-8e15-b44d94a2feec,Hooey 10.5 Calf Rope,691119009246,A-CR-HooCore-WG-10.5-CALF,A-CR-HooCore-WG-10.5-CALF,,,MEDIUM (color+size match),MERGE_AND_DELETE_BRACKET
9a93bf64-dda5-46d0-9bd3-47fd0b041239,Rasp Brown Water Buffalo Boots (M-BHS-RR3364-RAS-10.5-D) [M-BHS-RR3364-RAS-10.5-D],,M-BHS-RR3364-RAS-10.5-D,M-BHS-RR3364-RAS-10.5-D,,,bf45ce71-c9db-49b8-8e15-b44d94a2feec,Hooey 10.5 Calf Rope,691119009246,A-CR-HooCore-WG-10.5-CALF,A-CR-HooCore-WG-10.5-CALF,,,MEDIUM (color+size match),MERGE_AND_DELETE_BRACKET
8a5afcb8-8e2c-4170-93c5-b703e616d595,MEN'S EMBROIDERY COGNAC ALLIGATOR VAMP AND COUNTER RED WIDE SQUARE-TOE COWBOY BOOT - A4222 (M-COR-A4222-NA-10.5-D),,M-COR-A4222-NA-10.5-D,M-COR-A4222-NA-10.5-D,,,bf45ce71-c9db-49b8-8e15-b44d94a2feec,Hooey 10.5 Calf Rope,691119009246,A-CR-HooCore-WG-10.5-CALF,A-CR-HooCore-WG-10.5-CALF,,,MEDIUM (color+size match),MERGE_AND_DELETE_BRACKET
5c59adb8-1b15-4c8c-a8b3-bad1a13cccef,MEN'S EMBROIDERY COGNAC ALLIGATOR VAMP AND COUNTER RED WIDE SQUARE-TOE COWBOY BOOT - A4222 (M-COR-A4222-NA-10.5-EE),,M-COR-A4222-NA-10.5-EE,M-COR-A4222-NA-10.5-EE,,,bf45ce71-c9db-49b8-8e15-b44d94a2feec,Hooey 10.5 Calf Rope,691119009246,A-CR-HooCore-WG-10.5-CALF,A-CR-HooCore-WG-10.5-CALF,,,MEDIUM (color+size match),MERGE_AND_DELETE_BRACKET
19a880bf-e733-4345-b4e0-1a67f1c4ebe1,Corral MN Brown Embroidery Narrow Sq. Toe (M-COR-A4229-NA-11.5-D),,M-COR-A4229-NA-11.5-D,M-COR-A4229-NA-11.5-D,,,bf8ae541-3c57-4ef8-9b28-77832ce70c33,Tony Lama XT 5104,,M-BHS-XT-5104-11.5-EE,M-BHS-XT-5104-11.5-EE,,,MEDIUM (color+size match),MERGE_AND_DELETE_BRACKET
718dcffd-88f7-4ecc-8e02-c005b5cc6012,MEN'S EMBROIDERY BROWN OSTRICH LEG VAMP WIDE SQUARE TOE SAND COWBOY BOOT - A4289 (M-COR-A4289-NA-10.5-D),,M-COR-A4289-NA-10.5-D,M-COR-A4289-NA-10.5-D,,,bf45ce71-c9db-49b8-8e15-b44d94a2feec,Hooey 10.5 Calf Rope,691119009246,A-CR-HooCore-WG-10.5-CALF,A-CR-HooCore-WG-10.5-CALF,,,MEDIUM (color+size match),MERGE_AND_DELETE_BRACKET
b9d3a435-a94f-45f9-b98c-88c9637bf655,MEN'S EMBROIDERY BROWN OSTRICH LEG VAMP WIDE SQUARE TOE SAND COWBOY BOOT - A4289 (M-COR-A4289-NA-11.5-D),,M-COR-A4289-NA-11.5-D,M-COR-A4289-NA-11.5-D,,,bf8ae541-3c57-4ef8-9b28-77832ce70c33,Tony Lama XT 5104,,M-BHS-XT-5104-11.5-EE,M-BHS-XT-5104-11.5-EE,,,MEDIUM (color+size match),MERGE_AND_DELETE_BRACKET
260df05d-69b9-4bd6-abfb-32a38811ba82,CHI 8 BLACK/RED DEXTER BS (M-DPC-DPC4001-BR-10.5-D) [M-DPC-DPC4001-BR-10.5-D],,M-DPC-DPC4001-BR-10.5-D,M-DPC-DPC4001-BR-10.5-D,,,bf45ce71-c9db-49b8-8e15-b44d94a2feec,Hooey 10.5 Calf Rope,691119009246,A-CR-HooCore-WG-10.5-CALF,A-CR-HooCore-WG-10.5-CALF,,,MEDIUM (color+size match),MERGE_AND_DELETE_BRACKET
47262d8b-69a8-49d6-8fbf-22abb1316c24,"8"" Rugged Bay Gaucho Steel Toe (M-GEN-731871955662-11.5-B)",,M-GEN-731871955662-11.5-B,M-GEN-731871955662-11.5-B,,,bf8ae541-3c57-4ef8-9b28-77832ce70c33,Tony Lama XT 5104,,M-BHS-XT-5104-11.5-EE,M-BHS-XT-5104-11.5-EE,,,MEDIUM (color+size match),MERGE_AND_DELETE_BRACKET
d7888b65-701c-4a32-9c79-e9fff7cfe8f9,"Vengeance Men's 12"" Waterproof U Toe Work Western (M-GEN-749186509678-NEU-11.5-D)",,M-GEN-749186509678-NEU-11.5-D,M-GEN-749186509678-NEU-11.5-D,,,bf8ae541-3c57-4ef8-9b28-77832ce70c33,Tony Lama XT 5104,,M-BHS-XT-5104-11.5-EE,M-BHS-XT-5104-11.5-EE,,,MEDIUM (color+size match),MERGE_AND_DELETE_BRACKET
0988df1d-3d76-429e-be28-aba2087a0ae1,Cinch Shorts [MB58135005],,M-MIN-MB58135005-RED-RED-XL,M-MIN-MB58135005-RED-RED-XL,Red,XL,e0d02e6c-f617-4bfb-b78d-fa76574b9833,MENS SWIM TRUNK 3/25,192584540208,M-Cinch-MB58135005-RED-XL,M-Cinch-MB58135005-RED-XL,RED,XL,MEDIUM (color+size match),MERGE_AND_DELETE_BRACKET
44a540cc-097e-4ff3-98f1-43abe9654b8f,Cinch White Label Relaxed Jeans [MB92834019],,M-MIN-MB92834019-IND-IND-33-38,M-MIN-MB92834019-IND-IND-33-38,IND,33,64bf98c9-5a99-4a06-abdc-05d14f2596be,WHITE LABEL DARK STONE,192584031294,MB92834019-IND-3336,MB92834019-IND-3336,IND,33,MEDIUM (color+size match),MERGE_AND_DELETE_BRACKET
99823182-dca1-499f-bd3b-b36f385244df,Cinch SS Arenaflex Shirt [MTW1725003],,M-MIN-MTW1725003-RED-RED-XXL,M-MIN-MTW1725003-RED-RED-XXL,Red,XXL,2676ac07-d134-4855-b9a8-5b2f0b53cffa,MENS S/S PLAID ARENAFLEX 4/26,192584632774,M-MIN-MTW1725003-RED-XXL,M-MIN-MTW1725003-RED-XXL,RED,XXL,MEDIUM (color+size match),MERGE_AND_DELETE_BRACKET
a8ab0d4e-7e72-42d0-885f-96c555d559e7,Cinch SS Arenaflex Shirt [MTW1725003],,M-MIN-MTW1725003-RED-RED-XS,M-MIN-MTW1725003-RED-RED-XS,Red,XS,c6b2f453-b5e9-4197-97a7-a9456261181a,MENS S/S PLAID ARENAFLEX 4/26,192584632729,M-MIN-MTW1725003-RED-XS,M-MIN-MTW1725003-RED-XS,RED,XS,MEDIUM (color+size match),MERGE_AND_DELETE_BRACKET
b9435e45-c68b-4035-a501-ba10cccaa89f,Cinch SS Arenaflex Shirt [MTW1725003],,M-MIN-MTW1725003-RED-RED-XL,M-MIN-MTW1725003-RED-RED-XL,Red,XL,6cbe781c-c34f-486e-bc9f-05b20b243418,MENS S/S PLAID ARENAFLEX 4/26,192584632767,M-MIN-MTW1725003-RED-XL,M-MIN-MTW1725003-RED-XL,RED,XL,MEDIUM (color+size match),MERGE_AND_DELETE_BRACKET
2de65417-e9de-43a8-af82-8aa472861dce,Cinch SS Arenaflex Shirt [MTW1725003],,M-MIN-MTW1725003-RED-RED-S,M-MIN-MTW1725003-RED-RED-S,Red,S,a1d25237-0ee9-4f00-a763-b906bf9ba9db,MENS S/S PLAID ARENAFLEX 4/26,192584632736,M-MIN-MTW1725003-RED-S,M-MIN-MTW1725003-RED-S,RED,S,MEDIUM (color+size match),MERGE_AND_DELETE_BRACKET
76ec98d1-dd0a-44f8-a478-75b9183b6a59,Cinch SS Arenaflex Shirt [MTW1725003],,M-MIN-MTW1725003-RED-RED-M,M-MIN-MTW1725003-RED-RED-M,Red,M,18c36f60-82fb-40f1-857e-96a9ef95b6b8,MENS S/S PLAID ARENAFLEX 4/26,192584632743,M-MIN-MTW1725003-RED-M,M-MIN-MTW1725003-RED-M,RED,M,MEDIUM (color+size match),MERGE_AND_DELETE_BRACKET
f3e2e05d-ad28-40ac-84c1-1d5c783a1daf,Cinch Vest (M-MIN-MWV1541011-OLV-OLV-XS),,M-MIN-MWV1541011-OLV-OLV-XS,M-MIN-MWV1541011-OLV-OLV-XS,OLV,XS,8ebef6f5-2880-474c-9927-916636cce504,Cinch Vest,,MWV1541011-OLV-XS,MWV1541011-OLV-XS,OLV,XS,MEDIUM (color+size match),MERGE_AND_DELETE_BRACKET
184c183a-ebc2-4aa6-aa5b-fe2ea7fad746,"Georgia Boot Carbo-Tec FLX 11 "" Alloy Toe Pull On Work Boot (M-RBR-GB00622-NA-10.5-W)",193715487065,M-RBR-GB00622-NA-10.5-W,M-RBR-GB00622-NA-10.5-W,,,bf45ce71-c9db-49b8-8e15-b44d94a2feec,Hooey 10.5 Calf Rope,691119009246,A-CR-HooCore-WG-10.5-CALF,A-CR-HooCore-WG-10.5-CALF,,,MEDIUM (color+size match),MERGE_AND_DELETE_BRACKET
850ce510-8bce-4013-b4e9-24510cf8bfc5,Men's Chukka Driving Moc (M-TWX-MDM0097-TAU-10.5-NA),,M-TWX-MDM0097-TAU-10.5-NA,M-TWX-MDM0097-TAU-10.5-NA,,,bf45ce71-c9db-49b8-8e15-b44d94a2feec,Hooey 10.5 Calf Rope,691119009246,A-CR-HooCore-WG-10.5-CALF,A-CR-HooCore-WG-10.5-CALF,,,MEDIUM (color+size match),MERGE_AND_DELETE_BRACKET
a44a0c8c-a00e-4597-8a76-820d0579b306,"12"" Hooey Boot (M-TWX-MHY0035-CHO-11.5-D) [M-TWX-MHY0035-CHO-11.5-D]",,M-TWX-MHY0035-CHO-11.5-D,M-TWX-MHY0035-CHO-11.5-D,,,bf8ae541-3c57-4ef8-9b28-77832ce70c33,Tony Lama XT 5104,,M-BHS-XT-5104-11.5-EE,M-BHS-XT-5104-11.5-EE,,,MEDIUM (color+size match),MERGE_AND_DELETE_BRACKET
c1fe8996-7825-4007-8dbe-4823b006cbba,"Rancher WS Toe 12"" Boots (M-TWX-MRAL035-HON-11.5-D) [M-TWX-MRAL035-HON-11.5-D]",,M-TWX-MRAL035-HON-11.5-D,M-TWX-MRAL035-HON-11.5-D,,,bf8ae541-3c57-4ef8-9b28-77832ce70c33,Tony Lama XT 5104,,M-BHS-XT-5104-11.5-EE,M-BHS-XT-5104-11.5-EE,,,MEDIUM (color+size match),MERGE_AND_DELETE_BRACKET
de0ce3d4-f279-4037-ae50-b7eb579a6092,Stackable Dark Vintage (M-WMA-HYMDTBR0V8-DAR-40-30),,M-WMA-HYMDTBR0V8-DAR-38-36,M-WMA-HYMDTBR0V8-DAR-38-36,Dark Vintage,38,ab957352-3842-48b4-b119-44b1004f158f,Stackable Dark Vintage HYMDTBR0V8,196692204809,HYMDTBR0V8-DV-38-36,HYMDTBR0V8-DV-38-36,Dark Vintage,38,MEDIUM (color+size match),MERGE_AND_DELETE_BRACKET
c03b77e3-9d54-4cb7-86b5-bf4b1dc3fc6f,MILA Cruel Denim Moderate Rise Trouser [CB76953001],,W-CRU-CB76953001-IND-IND-29/7-R,W-CRU-CB76953001-IND-IND-29/7-R,IND,29/7,47b295a6-9e57-4814-9c47-2c96588f62d3,MILA DARK STONE 2/26,192584646122,W-CRU-CB76953001-IND-29/7-R,W-CRU-CB76953001-IND-29/7-R,IND,29/7,MEDIUM (color+size match),MERGE_AND_DELETE_BRACKET
1ebf14a7-9aa7-4525-bfc3-b878adf0aff3,MILA Cruel Denim Moderate Rise Trouser [CB76953001],,W-CRU-CB76953001-IND-IND-25/0-R,W-CRU-CB76953001-IND-IND-25/0-R,IND,25/0,17e3ed1a-c1a7-4ea0-bde2-2f85a2a5c2a1,MILA DARK STONE 2/26,192584646085,W-CRU-CB76953001-IND-25/0-R,W-CRU-CB76953001-IND-25/0-R,IND,25/0,MEDIUM (color+size match),MERGE_AND_DELETE_BRACKET
2d8d4223-85df-401c-9826-d42abb457c8d,MILA Cruel Denim Moderate Rise Trouser [CB76953001],,W-CRU-CB76953001-IND-IND-28/5-R,W-CRU-CB76953001-IND-IND-28/5-R,IND,28/5,9f8831b4-6d92-4c46-9b1e-7ede09b92c05,MILA DARK STONE 2/26,192584646115,W-CRU-CB76953001-IND-28/5-R,W-CRU-CB76953001-IND-28/5-R,IND,28/5,MEDIUM (color+size match),MERGE_AND_DELETE_BRACKET
4705f6f8-cda7-47ce-8599-d657432dec46,MILA Cruel Denim Moderate Rise Trouser [CB76953001],,W-CRU-CB76953001-IND-IND-25/0-S,W-CRU-CB76953001-IND-IND-25/0-S,IND,25/0,17e3ed1a-c1a7-4ea0-bde2-2f85a2a5c2a1,MILA DARK STONE 2/26,192584646085,W-CRU-CB76953001-IND-25/0-R,W-CRU-CB76953001-IND-25/0-R,IND,25/0,MEDIUM (color+size match),MERGE_AND_DELETE_BRACKET
6a9e7cd0-1ff4-435c-8246-d432ba800a4d,MILA Cruel Denim Moderate Rise Trouser [CB76953001],,W-CRU-CB76953001-IND-IND-24/00-R,W-CRU-CB76953001-IND-IND-24/00-R,IND,24/00,d540b6c5-d614-4402-8777-253cc8866ead,MILA DARK STONE 2/26,192584646078,W-CRU-CB76953001-IND-24/00-R,W-CRU-CB76953001-IND-24/00-R,IND,24/00,MEDIUM (color+size match),MERGE_AND_DELETE_BRACKET
7d9afcf5-4e95-43e5-977d-6084594769fb,MILA Cruel Denim Moderate Rise Trouser [CB76953001],,W-CRU-CB76953001-IND-IND-24/00-L,W-CRU-CB76953001-IND-IND-24/00-L,IND,24/00,d540b6c5-d614-4402-8777-253cc8866ead,MILA DARK STONE 2/26,192584646078,W-CRU-CB76953001-IND-24/00-R,W-CRU-CB76953001-IND-24/00-R,IND,24/00,MEDIUM (color+size match),MERGE_AND_DELETE_BRACKET
e849bcb8-041d-4617-ab25-a2dcaf6938e4,Roper Women's Boots (W-KAR-09-021-0904-3083-PI-PNK-5.5-NA),,W-KAR-09-021-0904-3083-PI-PNK-5.5-NA,W-KAR-09-021-0904-3083-PI-PNK-5.5-NA,,,c01e32fb-26b2-4415-b326-fbf2c37b82f3,Roper 020-0904-3313 TA,196070419122,M-KAR-020-0904-3313-TA-11.5-EE,M-KAR-020-0904-3313-TA-11.5-EE,,,MEDIUM (color+size match),MERGE_AND_DELETE_BRACKET
24e56ea4-2ccc-4925-8059-c04679eb7c47,Tin Haul 14-021-0007-1533 BR [W-KAR-14-021-0007-1533-BR-6-NA],,W-KAR-14-021-0007-1533-BR-6-NA,W-KAR-14-021-0007-1533-BR-6-NA,,,1535d0ee-b609-4a40-b6c1-dc491fe93f78,Tin Haul,052356012305,W-KAR-14-021-0007-1447-BL-6-NA,W-KAR-14-021-0007-1447-BL-6-NA,,,MEDIUM (color+size match),MERGE_AND_DELETE_BRACKET
0d1562da-5ed7-4953-a7f6-0682aa16a1fd,Tin Haul 14-021-0007-1611 BR [W-KAR-14-021-0007-1611-BR-6-NA],,W-KAR-14-021-0007-1611-BR-6-NA,W-KAR-14-021-0007-1611-BR-6-NA,,,1535d0ee-b609-4a40-b6c1-dc491fe93f78,Tin Haul,052356012305,W-KAR-14-021-0007-1447-BL-6-NA,W-KAR-14-021-0007-1447-BL-6-NA,,,MEDIUM (color+size match),MERGE_AND_DELETE_BRACKET
281017cb-b703-4718-949d-3cbc6b2f0804,Cinch Women's Red Long Sleeve Shirt [MSW9165073],,W-MIN-MSW9165073-RED-RED-XL,W-MIN-MSW9165073-RED-RED-XL,Red,XL,18b6f52c-09d9-4a39-a85f-111e03b5ad90,WOMENS L/S SOLID 9/25,192584587692,W-MIN-MSW9165073-RED-XL,W-MIN-MSW9165073-RED-XL,RED,XL,MEDIUM (color+size match),MERGE_AND_DELETE_BRACKET
b765e3e5-fb1e-4db0-9326-c5f1d8613122,Cinch Women's Red Long Sleeve Shirt [MSW9165073],,W-MIN-MSW9165073-RED-RED-S,W-MIN-MSW9165073-RED-RED-S,Red,S,61e82ae8-7ced-4597-88e0-725a05d8d979,WOMENS L/S SOLID 9/25,192584587661,W-MIN-MSW9165073-RED-S,W-MIN-MSW9165073-RED-S,RED,S,MEDIUM (color+size match),MERGE_AND_DELETE_BRACKET
e31476ad-3de6-4c1f-acba-f6201fcb3dde,Cinch Women's Red Long Sleeve Shirt [MSW9165073],,W-MIN-MSW9165073-Red-RED-M,W-MIN-MSW9165073-Red-RED-M,Red,M,349551f7-11c5-4f07-8a7e-ae3e02255081,WOMENS L/S SOLID 9/25,192584587678,W-MIN-MSW9165073-Red-M,W-MIN-MSW9165073-Red-M,RED,M,MEDIUM (color+size match),MERGE_AND_DELETE_BRACKET
64f8d3e4-8700-4f7e-b72b-3446531ffe8d,Weaver Ladies' Spurs (W-WLE-25-1750),,W-WLE-25-1750,W-WLE-25-1750,,,63e86cca-f65d-458e-88c6-082be9eda4f8,"Round Braided Latigo Roper Rein, 3/8"" x 8'",,50-1750,50-1750,,,MEDIUM (color+size match),MERGE_AND_DELETE_BRACKET
bcd0f75f-0cf1-42b6-9db2-486bffaeae41,Ariat Ultra Stretch Katie Jeans (W-ARI-10043175-31-L),,W-ARI-10043175-31-L,W-ARI-10043175-31-L,,31,f01078d3-5fb2-4318-9000-6fddcce5c4e0,Ariat Ultra Stretch Katie Jeans,195696404659,10043175-31-L,10043175-31-L,,31,MEDIUM (color+size match),MERGE_AND_DELETE_BRACKET
36307f57-5d1a-429b-95b8-da35174a7cbe,Riding Dark Vintage Bootcut (W-WMA-W7_9516-DAR-32-32),,W-WMA-W7_9516-DAR-31-32,W-WMA-W7_9516-DAR-31-32,Dark Vintage,31,e973b18d-3563-4e9b-92bb-403e024998be,Riding Dark Vintage Bootcut,740176170199,W7_9516-DV-31-32,W7_9516-DV-31-32,Dark Vintage,31,MEDIUM (color+size match),MERGE_AND_DELETE_BRACKET
2872c6a2-3dce-48e5-bc11-4d6a60211501,AWST Int'l Barrel Racer Necklace w/Colorful Cowboy Hat Gift Box (B-JPC-JN140),840862011871,B-JPC-JN140,B-JPC-JN140,,,adec62b4-ae66-475c-994c-bc0724feacfa,AWST Int'l Barrel Racer Necklace w/Colorful Cowboy Hat Gift Box,,63-JN140-BR,63-JN140-BR,,,MEDIUM (color+size match),MERGE_AND_DELETE_BRACKET
a502c284-1ec4-4f51-959b-34d7735326ae,Ariat Men's Grey Trucker Cap with Embroidered Buffalo and Mountain Scene Patch (A-ARI-A300091506-EMB-OS),,A-ARI-A300091506-EMB-OS,A-ARI-A300091506-EMB-OS,,,0c48d93f-ac01-4d80-8e8c-e3f2d858ca44,Ariat Mens Cap SnapBack Buffalo Patch Grey,701340785977,A300091506,A300091506,,,MEDIUM (color+size match),MERGE_AND_DELETE_BRACKET
24c75a52-3db5-4a4e-b9d5-82a98a0775e3,Super Duty Hat (A-BHH-2949-7-5/8),,A-BHH-2949-7,A-BHH-2949-7,,7,3744f366-9d91-4b5b-aca0-ebbce370cc07,Super Duty,,A-BHH-2949-JUT-7,A-BHH-2949-JUT-7,,7,MEDIUM (color+size match),MERGE_AND_DELETE_BRACKET
0c55eb7e-a460-4761-9eff-dc53af8aa037,Colorado Hat [A-HBR-RWCORO-90420766-BLA-6-3/4],1955569042076,A-HBR-RWCORO-90420766-BLA-6-3/4,A-HBR-RWCORO-90420766-BLA-6-3/4,,,c2f244c2-5bf2-41fc-b7e6-913cd578e4f5,Colorado Hat,195556011744,A-HBR-RWCORO-90420775-BLA-7-5/8,A-HBR-RWCORO-90420775-BLA-7-5/8,,,MEDIUM (color+size match),MERGE_AND_DELETE_BRACKET
3188feb3-0177-48c1-83ad-0fe7b66b99ad,Ariat Hat [A-MFW-A73148-7.125-7-1/8],701340575707,A-MFW-A73148-7.125-7-1/8,A-MFW-A73148-7.125-7-1/8,,,b677d305-6b2c-474b-86f6-794696d201ac,SISOL SS/SS Hat,701340575677,A-ARI-A73148-6.75-CHO-6-3/4,A-ARI-A73148-6.75-CHO-6-3/4,,,MEDIUM (color+size match),MERGE_AND_DELETE_BRACKET
ee4ff9aa-bd52-4788-9769-dc66467bfdf1,Twister Hat T7101001 [A-MFW-T7101001-7.125-BLA-7-1/8],,A-MFW-T7101001-7.125-BLA-7-1/8,A-MFW-T7101001-7.125-BLA-7-1/8,,,96d6e98b-a291-46a9-9da0-96d6f7f70b2a,"Ariat Hat 2xWoolAM/SS4 1/4""3pc 7 1/8",701340577244,A-ARI-A7520247-7.125-BRO-7-1/8,A-ARI-A7520247-7.125-BRO-7-1/8,,,MEDIUM (color+size match),MERGE_AND_DELETE_BRACKET
71a7cd76-55cd-4e0f-88c5-0fc1c1874a31,Twister Hat [A-MFW-T71270-6.75-6-3/4],701340715103,A-MFW-T71270-6.75-6-3/4,A-MFW-T71270-6.75-6-3/4,,,b677d305-6b2c-474b-86f6-794696d201ac,SISOL SS/SS Hat,701340575677,A-ARI-A73148-6.75-CHO-6-3/4,A-ARI-A73148-6.75-CHO-6-3/4,,,MEDIUM (color+size match),MERGE_AND_DELETE_BRACKET
dc1eeee8-44f4-4263-89a8-607f1446e88a,Twister Hat [A-MFW-T71270-6.875-6-7/8],701340715110,A-MFW-T71270-6.875-6-7/8,A-MFW-T71270-6.875-6-7/8,,,7c8cd93a-edf4-42e3-8010-a01c1b08384d,"Ariat Hat 2x Wool AM/SS4 1/4""3pc 6 7/8",701340577220,A-ARI-A7520247-6.875-BRO-6-7/8,A-ARI-A7520247-6.875-BRO-6-7/8,,,MEDIUM (color+size match),MERGE_AND_DELETE_BRACKET
c00a1d77-b3e4-4c96-adad-15048f027d1f,Twister Hat [A-MFW-T71270-7.625-7-5/8],701340715172,A-MFW-T71270-7.625-7-5/8,A-MFW-T71270-7.625-7-5/8,,,bf42f529-210e-4a0a-8215-49904e72d4f8,"Ariat Hat 2xWoolAM/SS4 1/4""3pc 7 5/8",701340577282,A-ARI-A7520247-7.625-BRO-7-5/8,A-ARI-A7520247-7.625-BRO-7-5/8,,,MEDIUM (color+size match),MERGE_AND_DELETE_BRACKET
0286afe9-d75d-4ece-a82b-3d3f6640cae9,High Carbon Steel Detachable Blade Set (A-WAH-2181-#40),043917218106,A-WAH-2181-#40,A-WAH-2181-#40,,,d51ff455-9702-4a74-955e-9b953c107619,Horse Head and Blue Leather Frame,688499590594,87-2181-0-0,87-2181-0-0,,,MEDIUM (color+size match),MERGE_AND_DELETE_BRACKET
05b184e8-133a-4c9a-8df7-e45efc67626e,Top Hand Kids Boots (K-GEN-YTH0019-MOC-11.5-NA),,K-TWX-YTH0019-MOC-11.5-M,K-TWX-YTH0019-MOC-11.5-M,Mocha & Slate,11.5,1d3b70df-cc12-419c-830d-1f5cc7a1fd13,"12"" Western Work Boot MXB0005",884882401939,MXB0005-D-11.5,MXB0005-D-11.5,Mocha & Slate,11.5,MEDIUM (color+size match),MERGE_AND_DELETE_BRACKET
99e9261b-e5c1-46cf-9a68-6256bf73c470,Top Hand Kids Boots (K-GEN-YTH0019-MOC-11.5-NA),884882784551,K-GEN-YTH0019-MOC-11.5-NA,K-GEN-YTH0019-MOC-11.5-NA,Mocha & Slate,11.5,1d3b70df-cc12-419c-830d-1f5cc7a1fd13,"12"" Western Work Boot MXB0005",884882401939,MXB0005-D-11.5,MXB0005-D-11.5,Mocha & Slate,11.5,MEDIUM (color+size match),MERGE_AND_DELETE_BRACKET
e9c7c023-7565-4352-a23e-c6c7b63352fc,Roper Boots 09-018-1900-2482 (K-KAR-09-018-1900-2482-BLA-10-NA),884426387200,K-KAR-09-018-1900-2482-BLA-10-NA,K-KAR-09-018-1900-2482-BLA-10-NA,,,58376f29-966d-470c-8824-99c5ed29929f,Tough1 Miniature Hay Tote,688499518666,72-1900-2-0,72-1900-2-0,,,MEDIUM (color+size match),MERGE_AND_DELETE_BRACKET
3690b7e9-5ba3-46c4-9cdb-c849f5fcf957,Roper (K-KAR-09-18-1900-2482-13-NA),884426387231,K-KAR-09-18-1900-2482-13-NA,K-KAR-09-18-1900-2482-13-NA,,,58376f29-966d-470c-8824-99c5ed29929f,Tough1 Miniature Hay Tote,688499518666,72-1900-2-0,72-1900-2-0,,,MEDIUM (color+size match),MERGE_AND_DELETE_BRACKET
6c3b3411-4dd0-4a52-a852-33a34cbbfdf7,Roper 17-1900-3622 (K-KAR-17-1900-3622-6-NA),,K-KAR-17-1900-3622-6-NA,K-KAR-17-1900-3622-6-NA,,,58376f29-966d-470c-8824-99c5ed29929f,Tough1 Miniature Hay Tote,688499518666,72-1900-2-0,72-1900-2-0,,,MEDIUM (color+size match),MERGE_AND_DELETE_BRACKET
7730ec87-d993-45be-b932-7084e7abd10a,Roper 18-1900-0050 (K-KAR-18-1900-0050-10-NA),,K-KAR-18-1900-0050-10-NA,K-KAR-18-1900-0050-10-NA,,,58376f29-966d-470c-8824-99c5ed29929f,Tough1 Miniature Hay Tote,688499518666,72-1900-2-0,72-1900-2-0,,,MEDIUM (color+size match),MERGE_AND_DELETE_BRACKET
7413677b-c7b9-46e3-a36c-5501130eb6ec,Roper 18-9992-0413 (K-KAR-18-9992-0413-3-NA),,K-KAR-18-9992-0413-3-NA,K-KAR-18-9992-0413-3-NA,,,00db3522-27ec-40af-9bcc-73bc61783771,Tough1 Antique Brown Hoof Pick - Pleasure Horse,688499299459,68-9992-0-0,68-9992-0-0,,,MEDIUM (color+size match),MERGE_AND_DELETE_BRACKET
0c32dd44-20fd-4fcd-b76d-0b25b2048caf,Rock & Roll Cowgirl T-Shirt (K-WMA-G1-1608-PUR-XXL),727017681861,K-WMA-G1-1608-PUR-XXL,K-WMA-G1-1608-PUR-XXL,,,5e25ba80-403c-41ff-8f26-562ad794e480,Iron & Glass Chicken Wall Clock,688499507790,87-1608-0-0,87-1608-0-0,,,MEDIUM (color+size match),MERGE_AND_DELETE_BRACKET
930614f1-ba4c-4eab-aa05-fc2fa1d0b5f3,Heritage Western R Toe (M-ARI-10002218-BLA-14-D),751702731418,M-ARI-10002218-BLA-14-EE,M-ARI-10002218-BLA-14-EE,Black Deertan,14,937d5685-4b3e-4b7a-9c7e-fe95f6f50925,Heritage Western R Toe,751702668875,10002218-14-D-BlackDeertan,10002218-14-D-BlackDeertan,Black Deertan,14,MEDIUM (color+size match),MERGE_AND_DELETE_BRACKET
9fe9fbbf-0f9b-47cf-b579-9f06226ac960,Team Logo Insulated Jacket (M-ARI-10009945-BLA-XL),,M-ARI-10009945-BLA-XL,M-ARI-10009945-BLA-XL,Black,XL,5d30e0fe-e14d-473a-9c51-4083721a0968,Team Logo Insulated Jacket,,10009945-XL--Black,10009945-XL--Black,Black,XL,MEDIUM (color+size match),MERGE_AND_DELETE_BRACKET
26ce867a-ca5c-40ac-8315-58b1a959e138,WorkHog XT VentTEK H2O Carbon Toe (M-ARI-10036005-RS-11.5-EE),192904702446,M-ARI-10036005-RS-11.5-EE,M-ARI-10036005-RS-11.5-EE,,,bf8ae541-3c57-4ef8-9b28-77832ce70c33,Tony Lama XT 5104,,M-BHS-XT-5104-11.5-EE,M-BHS-XT-5104-11.5-EE,,,MEDIUM (color+size match),MERGE_AND_DELETE_BRACKET
0ce8194c-2d66-46ff-beaa-af67590b4225,Blueprint Tan Cowhide Boots (M-BHS-#4440-TAN-10.5-D),731871880742,M-BHS-#4440-TAN-10.5-D,M-BHS-#4440-TAN-10.5-D,,,bf45ce71-c9db-49b8-8e15-b44d94a2feec,Hooey 10.5 Calf Rope,691119009246,A-CR-HooCore-WG-10.5-CALF,A-CR-HooCore-WG-10.5-CALF,,,MEDIUM (color+size match),MERGE_AND_DELETE_BRACKET
7c335355-d323-450a-92f0-0a8f229fe135,Blueprint Tan Gaucho Cowhide Boots (M-BHS-440-10.5-D),,M-BHS-440-10.5-D,M-BHS-440-10.5-D,,,bf45ce71-c9db-49b8-8e15-b44d94a2feec,Hooey 10.5 Calf Rope,691119009246,A-CR-HooCore-WG-10.5-CALF,A-CR-HooCore-WG-10.5-CALF,,,MEDIUM (color+size match),MERGE_AND_DELETE_BRACKET
08e540d0-5d42-4c7e-bc47-8064a12c1504,Blueprint Tan Gaucho Cowhide Boots (M-BHS-440-TAN-11.5-D),431871882661,M-BHS-440-TAN-11.5-D,M-BHS-440-TAN-11.5-D,,,bf8ae541-3c57-4ef8-9b28-77832ce70c33,Tony Lama XT 5104,,M-BHS-XT-5104-11.5-EE,M-BHS-XT-5104-11.5-EE,,,MEDIUM (color+size match),MERGE_AND_DELETE_BRACKET
5073c746-dcbc-4147-8e85-4a693649ea05,Carolina CA3593 (M-BHS-CA3592-11.5-D),,M-BHS-CA3592-11.5-D,M-BHS-CA3592-11.5-D,,,bf8ae541-3c57-4ef8-9b28-77832ce70c33,Tony Lama XT 5104,,M-BHS-XT-5104-11.5-EE,M-BHS-XT-5104-11.5-EE,,,MEDIUM (color+size match),MERGE_AND_DELETE_BRACKET
63286d3f-ae27-4a99-9430-bc22237bff03,Lyle Umber Cowhide Boots (M-BHS-CJ2031-UMB-10.5-EE),731871574153,M-BHS-CJ2031-UMB-10.5-EE,M-BHS-CJ2031-UMB-10.5-EE,Umber,10.5,0cf3fa0f-a36d-46d8-8c68-d2b6c4e70eaf,Chukka Driving Moc MDM0107,884882874092,MDM0107-M-10.5,MDM0107-M-10.5,Umber,10.5,MEDIUM (color+size match),MERGE_AND_DELETE_BRACKET
fc0670e8-527f-48d6-9254-841197193dc6,Double-H Jase (M-BHS-DH3560-BRO-10.5-D),0749186222027,M-BHS-DH3560-BRO-10.5-D,M-BHS-DH3560-BRO-10.5-D,Brown,10.5,5159e7db-ab7e-496c-9906-61300285a57a,Slip-On Driving Moc MDMS009,884882211934,MDMS009-M-10.5,MDMS009-M-10.5,Brown,10.5,MEDIUM (color+size match),MERGE_AND_DELETE_BRACKET
406c66e5-ea3b-4845-9b42-05370e59c313,"Union Built Men's 9"" Packer (M-BHS-DH3706-BRO-11.5-EE)",0749186526439,M-BHS-DH3706-BRO-11.5-EE,M-BHS-DH3706-BRO-11.5-EE,,,bf8ae541-3c57-4ef8-9b28-77832ce70c33,Tony Lama XT 5104,,M-BHS-XT-5104-11.5-EE,M-BHS-XT-5104-11.5-EE,,,MEDIUM (color+size match),MERGE_AND_DELETE_BRACKET
dcde918d-ab77-45a6-ab84-f35d0f8212a9,CHISOLM (M-BHS-JE8170-11.5-D),,M-BHS-JE8170-11.5-D,M-BHS-JE8170-11.5-D,,,bf8ae541-3c57-4ef8-9b28-77832ce70c33,Tony Lama XT 5104,,M-BHS-XT-5104-11.5-EE,M-BHS-XT-5104-11.5-EE,,,MEDIUM (color+size match),MERGE_AND_DELETE_BRACKET
360f08fa-08a0-452c-835b-3562f7fa3815,Drennan Black Water Buffalo Boots (M-BHS-RP503-BLA-10.5-EE),731871371428,M-BHS-RP503-BLA-10.5-EE,M-BHS-RP503-BLA-10.5-EE,,,bf45ce71-c9db-49b8-8e15-b44d94a2feec,Hooey 10.5 Calf Rope,691119009246,A-CR-HooCore-WG-10.5-CALF,A-CR-HooCore-WG-10.5-CALF,,,MEDIUM (color+size match),MERGE_AND_DELETE_BRACKET
831dec7e-ad67-45a0-ad47-0c4553b336cf,Chippewa Thunderstruck Boots (M-BHS-TH1010-BRO-11.5-D),731874570460,M-BHS-TH1010-BRO-11.5-D,M-BHS-TH1010-BRO-11.5-D,Brown,11.5,1a887141-7c8d-4620-9120-7dd69352e7b6,Slip-On Driving Moc MDMS009,884882211958,MDMS009-M-11.5,MDMS009-M-11.5,Brown,11.5,MEDIUM (color+size match),MERGE_AND_DELETE_BRACKET
5fbe1e4a-83ea-4f69-90e0-a52406e4fdb8,Justin Boots (M-BHS-WK2152-BRO-10.5-D),,M-BHS-WK2152-BRO-10.5-D,M-BHS-WK2152-BRO-10.5-D,,,bf45ce71-c9db-49b8-8e15-b44d94a2feec,Hooey 10.5 Calf Rope,691119009246,A-CR-HooCore-WG-10.5-CALF,A-CR-HooCore-WG-10.5-CALF,,,MEDIUM (color+size match),MERGE_AND_DELETE_BRACKET
d143cd99-2dfb-4063-a5a4-0b66d2215d09,Corral LS740 (M-COR-LS740-11.5-EE),,M-COR-LS740-11.5-EE,M-COR-LS740-11.5-EE,,,bf8ae541-3c57-4ef8-9b28-77832ce70c33,Tony Lama XT 5104,,M-BHS-XT-5104-11.5-EE,M-BHS-XT-5104-11.5-EE,,,MEDIUM (color+size match),MERGE_AND_DELETE_BRACKET
3623044d-d879-4fc8-8583-da295be902ef,Black Tosa All Over (M-TRS-FB15600001-BLA-10.5-D),,M-TRS-FB15600001-BLA-10.5-D,M-TRS-FB15600001-BLA-10.5-D,Black,10.5,c2953407-2284-4f62-9953-106ac2f54b2d,"11"" Tech X Boot MXTL014",884882591203,MXTL014-D-10.5,MXTL014-D-10.5,Black,10.5,MEDIUM (color+size match),MERGE_AND_DELETE_BRACKET
32c292dc-75a1-4289-92f1-08c1d4b7a7d7,Black Tosa All Over (M-TRS-FB15600001-BLA-10.5-D),,M-FBO-FB15600001-BLA-10.5-EE,M-FBO-FB15600001-BLA-10.5-EE,Black,10.5,c2953407-2284-4f62-9953-106ac2f54b2d,"11"" Tech X Boot MXTL014",884882591203,MXTL014-D-10.5,MXTL014-D-10.5,Black,10.5,MEDIUM (color+size match),MERGE_AND_DELETE_BRACKET
ae16f361-b9da-464d-a1ed-9675c8178582,Durango DB5554 (M-RBR-DB5554-11.5-D),885192870118,M-RBR-DB5554-11.5-D,M-RBR-DB5554-11.5-D,,,bf8ae541-3c57-4ef8-9b28-77832ce70c33,Tony Lama XT 5104,,M-BHS-XT-5104-11.5-EE,M-BHS-XT-5104-11.5-EE,,,MEDIUM (color+size match),MERGE_AND_DELETE_BRACKET
b5cb3f20-2963-4758-8b27-a9fc0670460d,Georgia Boot G5514 (M-RBR-G5514-10.5-M),043538525430,M-RBR-G5514-10.5-M,M-RBR-G5514-10.5-M,,,bf45ce71-c9db-49b8-8e15-b44d94a2feec,Hooey 10.5 Calf Rope,691119009246,A-CR-HooCore-WG-10.5-CALF,A-CR-HooCore-WG-10.5-CALF,,,MEDIUM (color+size match),MERGE_AND_DELETE_BRACKET
4dd68ee1-f54a-481b-a67d-8f69e4908239,Georgia Boots GB00540 (M-RBR-GB00540-10.5-M),193715352363,M-RBR-GB00540-10.5-M,M-RBR-GB00540-10.5-M,,10.5,8ca9642e-1c14-459e-a108-b95524da836f,Mens Vintage Tan Vamp And Shaft,196070143089,09-020-0904-3087-TA-10.5,09-020-0904-3087-TA-10.5,,10.5,MEDIUM (color+size match),MERGE_AND_DELETE_BRACKET
a6fcfd41-3122-4bb9-97dc-194ae05dede9,"Georgia Boot Carbo-Tec FLX 11 "" Alloy Toe Pull On Work Boot (M-RBR-GB00622-BRO-10.5-M)",193715486921,M-RBR-GB00622-BRO-10.5-M,M-RBR-GB00622-BRO-10.5-M,,,bf45ce71-c9db-49b8-8e15-b44d94a2feec,Hooey 10.5 Calf Rope,691119009246,A-CR-HooCore-WG-10.5-CALF,A-CR-HooCore-WG-10.5-CALF,,,MEDIUM (color+size match),MERGE_AND_DELETE_BRACKET
a0e93f61-7ee1-42b4-89dc-6dcb3920cc44,"Georgia Boot Carbo-Tec FLX 11 "" Alloy Toe Pull On Work Boot (M-RBR-GB00622-BRO-11.5-W)",193715487089,M-RBR-GB00622-BRO-11.5-W,M-RBR-GB00622-BRO-11.5-W,,,bf8ae541-3c57-4ef8-9b28-77832ce70c33,Tony Lama XT 5104,,M-BHS-XT-5104-11.5-EE,M-BHS-XT-5104-11.5-EE,,,MEDIUM (color+size match),MERGE_AND_DELETE_BRACKET
d430916f-d971-48e3-b168-e7fbdff15a07,Georgia Boot Durablend Sport (M-RBR-GB00641-BRO-10.5-W),193715548575,M-RBR-GB00641-BRO-10.5-W,M-RBR-GB00641-BRO-10.5-W,Brown,10.5,5159e7db-ab7e-496c-9906-61300285a57a,Slip-On Driving Moc MDMS009,884882211934,MDMS009-M-10.5,MDMS009-M-10.5,Brown,10.5,MEDIUM (color+size match),MERGE_AND_DELETE_BRACKET
3c5d6bbd-8870-428f-9b7b-7f915b889fb9,Georgia Boot Athens Superlyte GB00647 (M-RBR-GB00647-BRO-10.5-M),193715549848,M-RBR-GB00647-BRO-10.5-M,M-RBR-GB00647-BRO-10.5-M,Brown,10.5,5159e7db-ab7e-496c-9906-61300285a57a,Slip-On Driving Moc MDMS009,884882211934,MDMS009-M-10.5,MDMS009-M-10.5,Brown,10.5,MEDIUM (color+size match),MERGE_AND_DELETE_BRACKET
cceb8393-f562-4f68-a322-633e77f093a2,Stetson 20-6224-3809 (M-RHE-20-6224-3809-10.5-D),805303140763,M-RHE-20-6224-3809-10.5-D,M-RHE-20-6224-3809-10.5-D,,,bf45ce71-c9db-49b8-8e15-b44d94a2feec,Hooey 10.5 Calf Rope,691119009246,A-CR-HooCore-WG-10.5-CALF,A-CR-HooCore-WG-10.5-CALF,,,MEDIUM (color+size match),MERGE_AND_DELETE_BRACKET
f70f8569-94a8-4e23-a0bb-458166fed419,Twisted X MDMST01 (M-TWX-MDMST01-10.5-M),,M-TWX-MDMST01-10.5-M,M-TWX-MDMST01-10.5-M,,,bf45ce71-c9db-49b8-8e15-b44d94a2feec,Hooey 10.5 Calf Rope,691119009246,A-CR-HooCore-WG-10.5-CALF,A-CR-HooCore-WG-10.5-CALF,,,MEDIUM (color+size match),MERGE_AND_DELETE_BRACKET
d53fb47b-c901-4de2-9376-9c93cecf3f12,Twisted X Boots MLCW001 (M-TWX-MLCW001-11.5-D),,M-TWX-MLCW001-11.5-D,M-TWX-MLCW001-11.5-D,,,bf8ae541-3c57-4ef8-9b28-77832ce70c33,Tony Lama XT 5104,,M-BHS-XT-5104-11.5-EE,M-BHS-XT-5104-11.5-EE,,,MEDIUM (color+size match),MERGE_AND_DELETE_BRACKET
404b54f8-1f80-4aa2-9b0b-df59e10a2c2b,Black DB Straight Jeans (M-WMA-BM0SD05576-BLA-28-32),197815962442,M-WMA-BM0SD05576-BLA-29-34,M-WMA-BM0SD05576-BLA-29-34,Black,29,406d0c52-3c00-4591-ac63-6c7ccce06f7b,BLACK DB STRAIGHT,1978157016490,BM0SD05576-0138-29,BM0SD05576-0138-29,Black,29,MEDIUM (color+size match),MERGE_AND_DELETE_BRACKET
7a1f61f9-932a-43e0-9836-8d94a14099d6,Black DB Straight Jeans (M-WMA-BM0SD05576-BLA-28-32),197815692312,M-WMA-BM0SD05576-BLA-28-32,M-WMA-BM0SD05576-BLA-28-32,Black,28,e385b79e-da61-4071-8416-df8ac69c0b00,BLACK DB STRAIGHT,1978157016320,BM0SD05576-0138-28,BM0SD05576-0138-28,Black,28,MEDIUM (color+size match),MERGE_AND_DELETE_BRACKET
a5bc32b4-2ef0-4b4e-9dc2-dc22d12a5fe6,Black DB Straight Jeans (M-WMA-BM0SD05576-BLA-28-32),197815692350,M-WMA-BM0SD05576-BLA-32-32,M-WMA-BM0SD05576-BLA-32-32,Black,32,a7495647-eb53-4aba-82f8-690db50b4852,BLACK DB STRAIGHT,1978157016700,BM0SD05576-0138-32,BM0SD05576-0138-32,Black,32,MEDIUM (color+size match),MERGE_AND_DELETE_BRACKET
dea60eca-873d-4798-ba8c-bf5f133b85b3,Black DB Straight Jeans (M-WMA-BM0SD05576-BLA-28-32),197815692411,M-WMA-BM0SD05576-BLA-40-32,M-WMA-BM0SD05576-BLA-40-32,Black,40,a8246e60-8e31-4e5d-8df6-32107ce34aa6,BLACK DB STRAIGHT,1978157017310,BM0SD05576-0138-40,BM0SD05576-0138-40,Black,40,MEDIUM (color+size match),MERGE_AND_DELETE_BRACKET
fd290cff-ba1b-4336-9495-94de913841fd,Black DB Straight Jeans (M-WMA-BM0SD05576-BLA-28-32),197815692367,M-WMA-BM0SD05576-BLA-33-32,M-WMA-BM0SD05576-BLA-33-32,Black,33,956f5a35-46ba-491c-b1d8-3216a935070d,BLACK DB STRAIGHT,1978157016870,BM0SD05576-0138-33,BM0SD05576-0138-33,Black,33,MEDIUM (color+size match),MERGE_AND_DELETE_BRACKET
b9bb5aa3-9227-4bf0-a889-38580ab7b5b4,Black DB Straight Jeans (M-WMA-BM0SD05576-BLA-28-32),197815692329,M-WMA-BM0SD05576-BLA-29-32,M-WMA-BM0SD05576-BLA-29-32,Black,29,406d0c52-3c00-4591-ac63-6c7ccce06f7b,BLACK DB STRAIGHT,1978157016490,BM0SD05576-0138-29,BM0SD05576-0138-29,Black,29,MEDIUM (color+size match),MERGE_AND_DELETE_BRACKET
5a155127-7fff-4e1a-8e8a-353c1e06238d,Black DB Straight Jeans (M-WMA-BM0SD05576-BLA-28-32),197815692466,M-WMA-BM0SD05576-BLA-31-34,M-WMA-BM0SD05576-BLA-31-34,Black,31,3031a1ad-e4e5-4f96-8b56-f1ece32f7dc8,BLACK DB STRAIGHT,1978157016630,BM0SD05576-0138-31,BM0SD05576-0138-31,Black,31,MEDIUM (color+size match),MERGE_AND_DELETE_BRACKET
5c713029-9357-457f-a4a0-481fa4ba17ad,Black DB Straight Jeans (M-WMA-BM0SD05576-BLA-28-32),197815692510,M-WMA-BM0SD05576-BLA-36-34,M-WMA-BM0SD05576-BLA-36-34,Black,36,33b305ad-368e-4059-b5fc-1d1ecd1ef620,BLACK DB STRAIGHT,1978157017170,BM0SD05576-0138-36,BM0SD05576-0138-36,Black,36,MEDIUM (color+size match),MERGE_AND_DELETE_BRACKET
5cb6718f-c89d-4af4-b01a-46a7c5580f3a,Black DB Straight Jeans (M-WMA-BM0SD05576-BLA-28-32),197815692480,M-WMA-BM0SD05576-BLA-33-34,M-WMA-BM0SD05576-BLA-33-34,Black,33,956f5a35-46ba-491c-b1d8-3216a935070d,BLACK DB STRAIGHT,1978157016870,BM0SD05576-0138-33,BM0SD05576-0138-33,Black,33,MEDIUM (color+size match),MERGE_AND_DELETE_BRACKET
9d6e8135-28b9-42ae-82ac-65296b021cec,Black DB Straight Jeans (M-WMA-BM0SD05576-BLA-28-32),197815692497,M-WMA-BM0SD05576-BLA-34-34,M-WMA-BM0SD05576-BLA-34-34,Black,34,b30c1fc3-787e-44d9-9462-1de847cc5f7e,BLACK DB STRAIGHT,1978157016940,BM0SD05576-0138-34,BM0SD05576-0138-34,Black,34,MEDIUM (color+size match),MERGE_AND_DELETE_BRACKET
a8e10ff8-1f89-4538-9f26-47807a22aeb9,Black DB Straight Jeans (M-WMA-BM0SD05576-BLA-28-32),197815692381,M-WMA-BM0SD05576-BLA-35-32,M-WMA-BM0SD05576-BLA-35-32,Black,35,78c54858-7669-44d4-aa96-62158282e434,BLACK DB STRAIGHT,1978157017000,BM0SD05576-0138-35,BM0SD05576-0138-35,Black,35,MEDIUM (color+size match),MERGE_AND_DELETE_BRACKET
cb0572d2-dabc-46b9-8e21-d86f1f0c4509,Black DB Straight Jeans (M-WMA-BM0SD05576-BLA-28-32),197815692527,M-WMA-BM0SD05576-BLA-38-34,M-WMA-BM0SD05576-BLA-38-34,Black,38,4fbe4db4-54cc-4f71-9175-61e57e244d21,BLACK DB STRAIGHT,1978157017240,BM0SD05576-0138-38,BM0SD05576-0138-38,Black,38,MEDIUM (color+size match),MERGE_AND_DELETE_BRACKET
7f129b29-8b65-4716-a888-06e24d7e536a,Black DB Straight Jeans (M-WMA-BM0SD05576-BLA-28-32),197815692374,M-WMA-BM0SD05576-BLA-34-32,M-WMA-BM0SD05576-BLA-34-32,Black,34,b30c1fc3-787e-44d9-9462-1de847cc5f7e,BLACK DB STRAIGHT,1978157016940,BM0SD05576-0138-34,BM0SD05576-0138-34,Black,34,MEDIUM (color+size match),MERGE_AND_DELETE_BRACKET
8722ae95-1917-4627-9e78-34714b5fe4c1,Black DB Straight Jeans (M-WMA-BM0SD05576-BLA-28-32),197815692336,M-WMA-BM0SD05576-BLA-30-32,M-WMA-BM0SD05576-BLA-30-32,Black,30,6264874d-9f14-465a-860b-b7ce8d1c31f7,BLACK DB STRAIGHT,1978157016560,BM0SD05576-0138-30,BM0SD05576-0138-30,Black,30,MEDIUM (color+size match),MERGE_AND_DELETE_BRACKET
87536c2b-32a9-492f-bde8-f69d4891a34c,Black DB Straight Jeans (M-WMA-BM0SD05576-BLA-28-32),197815692534,M-WMA-BM0SD05576-BLA-40-34,M-WMA-BM0SD05576-BLA-40-34,Black,40,a8246e60-8e31-4e5d-8df6-32107ce34aa6,BLACK DB STRAIGHT,1978157017310,BM0SD05576-0138-40,BM0SD05576-0138-40,Black,40,MEDIUM (color+size match),MERGE_AND_DELETE_BRACKET
fc49c71c-1f5e-4ac3-8f5e-1bdcdf6f9441,Black DB Straight Jeans (M-WMA-BM0SD05576-BLA-28-32),197815692428,M-WMA-BM0SD05576-BLA-42-32,M-WMA-BM0SD05576-BLA-42-32,Black,42,83e6a879-e5f3-4a5d-9dff-6fcddfdc7ce0,BLACK DB STRAIGHT,1978157017480,BM0SD05576-0138-42,BM0SD05576-0138-42,Black,42,MEDIUM (color+size match),MERGE_AND_DELETE_BRACKET
557e6eae-ec65-46a2-8c3c-71c4f1a893b2,Plaid Assorted SS Snap Shirt (M-WMA-SXN3S00004-XXLT),196692944156,M-WMA-SXN3S00004-XXLT,M-WMA-SXN3S00004-XXLT,,XXLT,c4f462a2-c00f-40bf-b69b-a439544093b5,Men's Basis Fleece Sweater - Medium Grey Southwest,199232146638,10079352-XXLT,10079352-XXLT,,XXLT,MEDIUM (color+size match),MERGE_AND_DELETE_BRACKET
ec34f81b-57c7-4d02-b446-bf353fc461d9,Foundation Logo 1/2 Zip Sweatshirt (W-ARI-10063144-BLA-2X),,W-ARI-10063144-BLA-XL,W-ARI-10063144-BLA-XL,Black,XL,2141cb3b-8ddc-4527-a1df-b14aa05144ef,WMS FOUNDATION LOGO 1/2 ZP SWTSHRT BLK,197318642784,10063144,10063144,Black,XL,MEDIUM (color+size match),MERGE_AND_DELETE_BRACKET
5fb10490-afb8-459b-b4b8-794d5e5015a2,LD Tan Hydro Resist Saddle Vamp/Brown Top Farm&Ranch Dual Density Sole Sq Toe (W-COR-W5006-TAN-10.5-M),193109582956,W-COR-W5006-TAN-10.5-M,W-COR-W5006-TAN-10.5-M,Tan,10.5,fc534927-ff6d-4575-8a1f-aecd7fbec8da,Zero-X MZX0002,884882387059,MZX0002-M-10.5,MZX0002-M-10.5,Tan,10.5,MEDIUM (color+size match),MERGE_AND_DELETE_BRACKET
4cb38802-8c8f-4a36-b47f-f5b47c0e3524,Cowgirl Tuff Cheerful Jeans (W-CTU-JCHEER-40-32),840184506291,W-CTU-JCHEER-40-32,W-CTU-JCHEER-40-32,,40,00e49144-d85c-48b6-827d-53888fbbda14,Cowgirl Tuff Cheerful Jeans,840184506284,JCHEER-40-LONG,W-CTU-JCHEER-40-L,,40,MEDIUM (color+size match),MERGE_AND_DELETE_BRACKET
fe777bc6-6c6a-431d-af4c-e60b99c97fea,Retro Yoked Snap Shirt (W-WMA-LWN2S05807-MED-XS),197815682832,W-WMA-LWN2S05807-MED-XXL,W-WMA-LWN2S05807-MED-XXL,Medium Wash,XXL,2b66ad4e-61c6-4e49-91e0-792457ac7607,Retro Yoked Snap Shirt,1978156828320,LWN2S05807-202-XXL,LWN2S05807-202-XXL,Medium Wash,XXL,MEDIUM (color+size match),MERGE_AND_DELETE_BRACKET
1e18d66c-cfd0-4a40-88b4-6ca91ce8f488,Retro Yoked Snap Shirt (W-WMA-LWN2S05807-MED-XS),,W-GEN-LWN2S05807-MED-S,W-GEN-LWN2S05807-MED-S,Medium Wash,S,0a5ecbcb-d168-4f8e-b424-6e465e88add6,Retro Yoked Snap Shirt,197815682795,LWN2S05807-202-S,LWN2S05807-202-S,Medium Wash,S,MEDIUM (color+size match),MERGE_AND_DELETE_BRACKET
28b1e035-6ff0-4fc7-ab8e-905c02af1ec7,Retro Yoked Snap Shirt (W-WMA-LWN2S05807-MED-XS),197815682818,A-WMA-LWN2S05807-MED-L,A-WMA-LWN2S05807-MED-L,Medium Wash,L,9eb9068a-04ef-45ba-a036-9cdc431cb4a8,Retro Yoked Snap Shirt,1978156828180,LWN2S05807-202-L,LWN2S05807-202-L,Medium Wash,L,MEDIUM (color+size match),MERGE_AND_DELETE_BRACKET
7540c123-1961-4b71-b7c1-1928e376c844,Retro Yoked Snap Shirt (W-WMA-LWN2S05807-MED-XS),197815682788,W-WMA-LWN2S05807-MED-XS,W-WMA-LWN2S05807-MED-XS,Medium Wash,XS,911dc4e6-9fc6-4415-9db2-ea519fe5a5b2,Retro Yoked Snap Shirt,1978156827880,LWN2S05807-202-XS,LWN2S05807-202-XS,Medium Wash,XS,MEDIUM (color+size match),MERGE_AND_DELETE_BRACKET
11a01572-7c55-4e2b-b3bd-cf2d997550ce,Roper 09-021-8020-1762 (W-KAR-09-021-8020-1762-6.5-NA),805303968770,W-KAR-09-021-8020-1762-6.5-NA,W-KAR-09-021-8020-1762-6.5-NA,,,77f633ca-e275-4a22-86c7-b5656d158018,Royal King Feather & Flower Single Ear Headstall,688499628044,45-8020-32-0,45-8020-32-0,,,MEDIUM (color+size match),MERGE_AND_DELETE_BRACKET
a1c30a5d-0af7-4298-b5f0-c54369285d80,Tin Haul (W-KAR-14-021-0007-1280-6-NA),052356411375,W-KAR-14-021-0007-1280-6-NA,W-KAR-14-021-0007-1280-6-NA,,6,222f2f35-67a3-4637-a8f9-3fba98a43eb1,Womens Wildrags With Near Home Sole,196070125481,14-021-0007-1464-TA-6,14-021-0007-1464-TA-6,,6,MEDIUM (color+size match),MERGE_AND_DELETE_BRACKET
b3ac9d29-d717-4b9d-b0cf-71ce7a5f0b8d,Tin Haul (W-KAR-14-021-0007-1280-6-NA),052356411344,W-KAR-14-021-0007-1280-11-NA,W-KAR-14-021-0007-1280-11-NA,,11,94feae4e-ba69-4a59-aee3-0316e75220e3,Womens Barbwire Belle,196070849943,14-021-0007-0111-BL-11,14-021-0007-0111-BL-11,,11,MEDIUM (color+size match),MERGE_AND_DELETE_BRACKET
4aee13c5-dca6-48b7-8152-86dddc1a2fbb,Tin Haul 21-0007-1455 (W-KAR-21-0007-1455-6-NA),,W-KAR-21-0007-1455-6-NA,W-KAR-21-0007-1455-6-NA,,,1535d0ee-b609-4a40-b6c1-dc491fe93f78,Tin Haul,052356012305,W-KAR-14-021-0007-1447-BL-6-NA,W-KAR-14-021-0007-1447-BL-6-NA,,,MEDIUM (color+size match),MERGE_AND_DELETE_BRACKET
55b2db6e-89fc-416d-a5ae-0e893a61e7fc,Tin Haul (W-KAR-21-0007-1532-6-NA),,W-KAR-21-0007-1532-6-NA,W-KAR-21-0007-1532-6-NA,,,1535d0ee-b609-4a40-b6c1-dc491fe93f78,Tin Haul,052356012305,W-KAR-14-021-0007-1447-BL-6-NA,W-KAR-14-021-0007-1447-BL-6-NA,,,MEDIUM (color+size match),MERGE_AND_DELETE_BRACKET
a5277e84-ee75-4858-9030-57ad65c4d110,C'Anne Jacket (W-OTC-29649-NAV-SM),,W-OTC-29649-NAV-1X,W-OTC-29649-NAV-1X,Navy,1X,f360ab6b-bcff-4dcc-a909-4949f289e0e3,C'ANNE JACKET,,29649-NVY-1X,29649-NVY-1X,NAVY,1X,MEDIUM (color+size match),MERGE_AND_DELETE_BRACKET
4fd325d5-0b96-46b0-8a77-450fdcb78b12,Nora Cardigan (W-OTC-40213-NAV-1X/2X),789043406429,W-OTC-40213-NAV-S/M,W-OTC-40213-NAV-S/M,Navy,S/M,af21ef77-7f09-4255-982d-d1ad3b3424e7,NORA CARDIGAN,,40213-NVY-S/M,40213-NVY-S/M,NAVY,S/M,MEDIUM (color+size match),MERGE_AND_DELETE_BRACKET
51f3486b-da27-4e9b-8900-38e0349663b7,Connie Sweater (W-OTC-40218-BLU-XL),789043394382,W-OTC-40218-BLU-XL,W-OTC-40218-BLU-XL,Blue,XL,6b2b2794-7c58-47c0-a841-8f18548bf5d1,CONNIE SWEATER,,40218-BLU-XL,40218-BLU-XL,BLUE,XL,MEDIUM (color+size match),MERGE_AND_DELETE_BRACKET
3ad99053-3e53-4b3b-b5ca-40ba39fead69,Outback Trading Company Avery Big Shirt (W-OTC-42183-CRE-XL),,W-OTC-42183-CRE-XL,W-OTC-42183-CRE-XL,Crème,XL,7469d416-b1d1-48a4-8184-3e895acba3c0,AVERY BIG SHIRT,,42183-CRM-XL,42183-CRM-XL,CRÈME,XL,MEDIUM (color+size match),MERGE_AND_DELETE_BRACKET
01ed98f5-bd62-4bfe-b9e5-d6b37e3fa6c9,Outback Trading Company Avery Big Shirt (W-OTC-42183-CRE-XL),,W-OTC-42183-CRE-3X,W-OTC-42183-CRE-3X,Crème,3X,a2c2ecc5-21f6-4462-9fc4-b23d0c8918ef,AVERY BIG SHIRT,,42183-CRM-3X,42183-CRM-3X,CRÈME,3X,MEDIUM (color+size match),MERGE_AND_DELETE_BRACKET
21822247-a740-43b1-ba66-e984a3081d0b,Outback Trading Company Avery Big Shirt (W-OTC-42183-CRE-XL),,W-OTC-42183-CRE-1X,W-OTC-42183-CRE-1X,Crème,1X,d43734b6-5e8f-412d-a705-982db6b8dbd5,AVERY BIG SHIRT,,42183-CRM-1X,42183-CRM-1X,CRÈME,1X,MEDIUM (color+size match),MERGE_AND_DELETE_BRACKET
d2379c68-bb9f-4ea6-a9ac-95d37ec74bcd,Outback Trading Co. Shirt Jacket (W-OTC-42238-TAN-1X),789043408041,W-OTC-42238-TAN-1X,W-OTC-42238-TAN-1X,Tan,1X,5d7b457a-a1eb-4542-ac45-b335a9c95fab,HAZEL SHIRT JACKET,,42238-TAN-1X,42238-TAN-1X,TAN,1X,MEDIUM (color+size match),MERGE_AND_DELETE_BRACKET
709b8eb5-f211-4211-b908-213c18c8daa9,Outback Trading Co. Shirt Jacket (W-OTC-42238-TAN-1X),789043408058,W-OTC-42238-TAN-2X,W-OTC-42238-TAN-2X,Tan,2X,1c0a608d-6e19-4390-abaa-47b1d714bfb6,HAZEL SHIRT JACKET,,42238-TAN-2X,42238-TAN-2X,TAN,2X,MEDIUM (color+size match),MERGE_AND_DELETE_BRACKET
18fc0a64-9cf8-4647-b069-98b1c2599f0a,Boot Stitch Emb Mid Rise Boot Jeans (W-WMA-BW4MD06801-DAR-31-32),,W-WMA-BW4MD06801-DAR-31-32,W-WMA-BW4MD06801-DAR-31-32,Dark Vintage,31,97f7c19a-3ce2-4b01-ae56-c32fa4d7de1c,Boot Stitch Emb Mid Rise Boot Jeans,197815556355,BW4MD06801-DV-31-32,BW4MD06801-DV-31-32,Dark Vintage,31,MEDIUM (color+size match),MERGE_AND_DELETE_BRACKET
121986d8-cc2e-4ca7-bd22-850a2e41fa68,LS Solid Twill BD Shirt (W-WMA-RRWSODRZ5R-PNK-XS),196692934522,W-WMA-RRWSODRZ5R-PNK-XS,W-WMA-RRWSODRZ5R-PNK-XS,Pink,XS,447b0e19-c21f-4849-a513-c136961d1531,LS SOLID TWILL BD SHIRT,1966929345220,RRWSODRZ5R-68-XS,RRWSODRZ5R-68-XS,Pink,XS,MEDIUM (color+size match),MERGE_AND_DELETE_BRACKET
6803298d-90e5-4c56-8ba5-d578a2fa7b75,LS Solid Twill BD Shirt (W-WMA-RRWSODRZ5R-PNK-XS),196692934560,W-WMA-RRWSODRZ5R-PNK-XL,W-WMA-RRWSODRZ5R-PNK-XL,Pink,XL,47d6e0c5-2190-46e9-9ef3-0785e8fd4181,LS SOLID TWILL BD SHIRT,1966929345600,RRWSODRZ5R-68-XL,RRWSODRZ5R-68-XL,Pink,XL,MEDIUM (color+size match),MERGE_AND_DELETE_BRACKET
eefe00af-b3eb-4e92-b4c2-a1bcaad93856,LS Solid Twill BD Shirt (W-WMA-RRWSODRZ5R-PNK-XS),196692934546,W-WMA-RRWSODRZ5R-PNK-M,W-WMA-RRWSODRZ5R-PNK-M,Pink,M,e178600e-3ced-4d2b-96c4-55e5ca5e25ef,LS SOLID TWILL BD SHIRT,1966929345460,RRWSODRZ5R-68-M,RRWSODRZ5R-68-M,Pink,M,MEDIUM (color+size match),MERGE_AND_DELETE_BRACKET
5f4a5859-009a-4ddc-8066-e56423c30635,Wrangler Boot Cut Jeans (W-KON-1009MWZBK-BLA-27/3-NA),,W-KON-1009MWZBK-NA-27/3-32,W-KON-1009MWZBK-NA-27/3-32,NA,27/3,79d764c4-d3e5-4a67-b87f-1612a547604a,Cinch Kylie Jeans,192584191424,192584191424-NA-27/3-Short,192584191424-NA-27/3-Short,NA,27/3,MEDIUM (color+size match),MERGE_AND_DELETE_BRACKET
